Style,Color,Size,Quantity,style_n,size_n,color_n
50073,dark denim#2,S,143.0,50073,S,darkdenim2
50073,dark denim#2,M,287.0,50073,M,darkdenim2
50073,dark denim#2,L,296.0,50073,L,darkdenim2
50073,dark denim#2,XL,132.0,50073,XL,darkdenim2
50073,knit denim light denim,S,407.0,50073,S,knitdenimlightdenim
50073,knit denim light denim,M,815.0,50073,M,knitdenimlightdenim
50073,knit denim light denim,L,812.0,50073,L,knitdenimlightdenim
50073,knit denim light denim,XL,406.0,50073,XL,knitdenimlightdenim
50073,medium denim#3,S,251.0,50073,S,mediumdenim3
50073,medium denim#3,M,501.0,50073,M,mediumdenim3
50073,medium denim#3,L,505.0,50073,L,mediumdenim3
50073,medium denim#3,XL,245.0,50073,XL,mediumdenim3
50154,GREEN TEAL,XS,278.0,50154,XS,greenteal
50154,GREEN TEAL,S,164.0,50154,S,greenteal
50154,GREEN TEAL,M,-27.0,50154,M,greenteal
50154,GREEN TEAL,L,0.0,50154,L,greenteal
50154,GREEN TEAL,XL,0.0,50154,XL,greenteal
50194,WHITE,6,42.0,50194,6,white
50194,WHITE,8,118.0,50194,8,white
50194,WHITE,10,64.0,50194,10,white
50194,WHITE,12,89.0,50194,12,white
50194,WHITE,14,15.0,50194,14,white
50194,WHITE,16,28.0,50194,16,white
50199,BLACK TR & mill,XS,58.0,50199,XS,blacktrandmill
50199,BLACK TR & mill,S,146.0,50199,S,blacktrandmill
50199,BLACK TR & mill,M,177.0,50199,M,blacktrandmill
50199,BLACK TR & mill,L,201.0,50199,L,blacktrandmill
50199,BLACK TR & mill,XL,60.0,50199,XL,blacktrandmill
50199,DENIM mill,XS,45.0,50199,XS,denimmill
50199,DENIM mill,S,46.0,50199,S,denimmill
50199,DENIM mill,M,91.0,50199,M,denimmill
50199,DENIM mill,L,94.0,50199,L,denimmill
50199,DENIM mill,XL,95.0,50199,XL,denimmill
50199,FUSCHIA mill,XS,49.0,50199,XS,fuschiamill
50199,FUSCHIA mill,S,50.0,50199,S,fuschiamill
50199,FUSCHIA mill,M,47.0,50199,M,fuschiamill
50199,FUSCHIA mill,L,48.0,50199,L,fuschiamill
50199,FUSCHIA mill,XL,49.0,50199,XL,fuschiamill
50199,HEATHER GREY #1827,XS,42.0,50199,XS,heathergrey1827
50199,HEATHER GREY #1827,S,41.0,50199,S,heathergrey1827
50199,HEATHER GREY #1827,M,82.0,50199,M,heathergrey1827
50199,HEATHER GREY #1827,L,82.0,50199,L,heathergrey1827
50199,HEATHER GREY #1827,XL,91.0,50199,XL,heathergrey1827
50199,KHAKI TR& mill,XS,269.0,50199,XS,khakitrandmill
50199,KHAKI TR& mill,S,520.0,50199,S,khakitrandmill
50199,KHAKI TR& mill,M,401.0,50199,M,khakitrandmill
50199,KHAKI TR& mill,L,430.0,50199,L,khakitrandmill
50199,KHAKI TR& mill,XL,106.0,50199,XL,khakitrandmill
50199,NAVY mill,XS,46.0,50199,XS,navymill
50199,NAVY mill,S,42.0,50199,S,navymill
50199,NAVY mill,M,82.0,50199,M,navymill
50199,NAVY mill,L,85.0,50199,L,navymill
50199,NAVY mill,XL,91.0,50199,XL,navymill
50199,RED TR& mill,XS,85.0,50199,XS,redtrandmill
50199,RED TR& mill,S,132.0,50199,S,redtrandmill
50199,RED TR& mill,M,65.0,50199,M,redtrandmill
50199,RED TR& mill,L,61.0,50199,L,redtrandmill
50199,RED TR& mill,XL,-4.0,50199,XL,redtrandmill
50199,WHITE TR& mill,XS,90.0,50199,XS,whitetrandmill
50199,WHITE TR& mill,S,85.0,50199,S,whitetrandmill
50199,WHITE TR& mill,M,0.0,50199,M,whitetrandmill
50199,WHITE TR& mill,L,0.0,50199,L,whitetrandmill
50199,WHITE TR& mill,XL,-3.0,50199,XL,whitetrandmill
50199,WINE mill,XS,38.0,50199,XS,winemill
50199,WINE mill,S,37.0,50199,S,winemill
50199,WINE mill,M,86.0,50199,M,winemill
50199,WINE mill,L,93.0,50199,L,winemill
50199,WINE mill,XL,93.0,50199,XL,winemill
50283,APPLE GREEN,S,50.0,50283,S,apegreen
50283,APPLE GREEN,M,50.0,50283,M,apegreen
50283,APPLE GREEN,L,50.0,50283,L,apegreen
50283,APPLE GREEN,XL,50.0,50283,XL,apegreen
50283,BLACK,S,0.0,50283,S,black
50283,BLACK,M,1.0,50283,M,black
50283,BLACK,L,0.0,50283,L,black
50283,BLACK,XL,0.0,50283,XL,black
50283,DENIM,S,50.0,50283,S,denim
50283,DENIM,M,50.0,50283,M,denim
50283,DENIM,L,50.0,50283,L,denim
50283,DENIM,XL,50.0,50283,XL,denim
50283,KHAKI,S,50.0,50283,S,khaki
50283,KHAKI,M,50.0,50283,M,khaki
50283,KHAKI,L,50.0,50283,L,khaki
50283,KHAKI,XL,50.0,50283,XL,khaki
50283,MELON,S,50.0,50283,S,melon
50283,MELON,M,50.0,50283,M,melon
50283,MELON,L,50.0,50283,L,melon
50283,MELON,XL,50.0,50283,XL,melon
50283,NAVY,S,8.0,50283,S,navy
50283,NAVY,M,40.0,50283,M,navy
50283,NAVY,L,16.0,50283,L,navy
50283,NAVY,XL,8.0,50283,XL,navy
50283,RED,S,7.0,50283,S,red
50283,RED,M,11.0,50283,M,red
50283,RED,L,8.0,50283,L,red
50283,RED,XL,0.0,50283,XL,red
50283,RED CORAL,S,50.0,50283,S,redcoral
50283,RED CORAL,M,50.0,50283,M,redcoral
50283,RED CORAL,L,50.0,50283,L,redcoral
50283,RED CORAL,XL,50.0,50283,XL,redcoral
50283,SUNLIGHT,S,50.0,50283,S,sunlight
50283,SUNLIGHT,M,50.0,50283,M,sunlight
50283,SUNLIGHT,L,50.0,50283,L,sunlight
50283,SUNLIGHT,XL,50.0,50283,XL,sunlight
50283,WHITE,S,50.0,50283,S,white
50283,WHITE,M,50.0,50283,M,white
50283,WHITE,L,50.0,50283,L,white
50283,WHITE,XL,50.0,50283,XL,white
50337,BLACK,S,215.0,50337,S,black
50337,BLACK,M,272.0,50337,M,black
50337,BLACK,L,377.0,50337,L,black
50337,BLACK,XL,308.0,50337,XL,black
50337,BLUE RADIANCE,S,100.0,50337,S,blueradiance
50337,BLUE RADIANCE,M,150.0,50337,M,blueradiance
50337,BLUE RADIANCE,L,150.0,50337,L,blueradiance
50337,BLUE RADIANCE,XL,100.0,50337,XL,blueradiance
50337,DENIM,S,100.0,50337,S,denim
50337,DENIM,M,150.0,50337,M,denim
50337,DENIM,L,150.0,50337,L,denim
50337,DENIM,XL,100.0,50337,XL,denim
50337,FUCSHIA PURPLE,S,100.0,50337,S,fucshiapure
50337,FUCSHIA PURPLE,M,150.0,50337,M,fucshiapure
50337,FUCSHIA PURPLE,L,150.0,50337,L,fucshiapure
50337,FUCSHIA PURPLE,XL,100.0,50337,XL,fucshiapure
50337,KHAKI,S,1.0,50337,S,khaki
50337,KHAKI,M,18.0,50337,M,khaki
50337,KHAKI,L,19.0,50337,L,khaki
50337,KHAKI,XL,0.0,50337,XL,khaki
50337,RED,S,100.0,50337,S,red
50337,RED,M,150.0,50337,M,red
50337,RED,L,150.0,50337,L,red
50337,RED,XL,100.0,50337,XL,red
50337,white,S,101.0,50337,S,white
50337,white,M,151.0,50337,M,white
50337,white,L,170.0,50337,L,white
50337,white,XL,100.0,50337,XL,white
50340,Black,S,-40.0,50340,S,black
50340,Black,M,-55.0,50340,M,black
50340,Black,L,-66.0,50340,L,black
50340,Black,XL,-62.0,50340,XL,black
50340,KHAKI,S,-34.0,50340,S,khaki
50340,KHAKI,M,-39.0,50340,M,khaki
50340,KHAKI,L,-69.0,50340,L,khaki
50340,KHAKI,XL,-76.0,50340,XL,khaki
50340,Pink Peacock,S,-6.0,50340,S,pinkpeacock
50340,Pink Peacock,M,-36.0,50340,M,pinkpeacock
50340,Pink Peacock,L,-51.0,50340,L,pinkpeacock
50340,Pink Peacock,XL,-52.0,50340,XL,pinkpeacock
50340,Red,S,-26.0,50340,S,red
50340,Red,M,-61.0,50340,M,red
50340,Red,L,-76.0,50340,L,red
50340,Red,XL,-53.0,50340,XL,red
50341,FY23440 print,S,237.0,50341,S,fy23440print
50341,FY23440 print,M,472.0,50341,M,fy23440print
50341,FY23440 print,L,474.0,50341,L,fy23440print
50341,FY23440 print,XL,232.0,50341,XL,fy23440print
50341,OYSTER,S,194.0,50341,S,oyster
50341,OYSTER,M,391.0,50341,M,oyster
50341,OYSTER,L,380.0,50341,L,oyster
50341,OYSTER,XL,179.0,50341,XL,oyster
50372,BLACK,6,60.0,50372,6,black
50372,BLACK,8,97.0,50372,8,black
50372,BLACK,10,38.0,50372,10,black
50372,BLACK,12,127.0,50372,12,black
50372,BLACK,14,119.0,50372,14,black
50372,BLACK,16,31.0,50372,16,black
50372,DENIM,6,80.0,50372,6,denim
50372,DENIM,8,50.0,50372,8,denim
50372,DENIM,10,30.0,50372,10,denim
50372,DENIM,12,47.0,50372,12,denim
50372,DENIM,14,54.0,50372,14,denim
50372,DENIM,16,-2.0,50372,16,denim
50372,GREEN,6,46.0,50372,6,green
50372,GREEN,8,43.0,50372,8,green
50372,GREEN,10,18.0,50372,10,green
50372,GREEN,12,27.0,50372,12,green
50372,GREEN,14,15.0,50372,14,green
50372,GREEN,16,22.0,50372,16,green
50372,JL-MULED YELLOW,6,47.0,50372,6,jlmuledyellow
50372,JL-MULED YELLOW,8,46.0,50372,8,jlmuledyellow
50372,JL-MULED YELLOW,10,38.0,50372,10,jlmuledyellow
50372,JL-MULED YELLOW,12,29.0,50372,12,jlmuledyellow
50372,JL-MULED YELLOW,14,33.0,50372,14,jlmuledyellow
50372,JL-MULED YELLOW,16,37.0,50372,16,jlmuledyellow
50372,KHAKI,6,78.0,50372,6,khaki
50372,KHAKI,8,121.0,50372,8,khaki
50372,KHAKI,10,110.0,50372,10,khaki
50372,KHAKI,12,205.0,50372,12,khaki
50372,KHAKI,14,220.0,50372,14,khaki
50372,KHAKI,16,117.0,50372,16,khaki
50372,NAVY,6,67.0,50372,6,navy
50372,NAVY,8,79.0,50372,8,navy
50372,NAVY,10,26.0,50372,10,navy
50372,NAVY,12,66.0,50372,12,navy
50372,NAVY,14,81.0,50372,14,navy
50372,NAVY,16,-23.0,50372,16,navy
50372,PALACE BLUE,6,47.0,50372,6,palaceblue
50372,PALACE BLUE,8,40.0,50372,8,palaceblue
50372,PALACE BLUE,10,22.0,50372,10,palaceblue
50372,PALACE BLUE,12,21.0,50372,12,palaceblue
50372,PALACE BLUE,14,19.0,50372,14,palaceblue
50372,PALACE BLUE,16,31.0,50372,16,palaceblue
50372,RED,6,78.0,50372,6,red
50372,RED,8,73.0,50372,8,red
50372,RED,10,-9.0,50372,10,red
50372,RED,12,106.0,50372,12,red
50372,RED,14,70.0,50372,14,red
50372,RED,16,11.0,50372,16,red
50372,WHITE,6,79.0,50372,6,white
50372,WHITE,8,38.0,50372,8,white
50372,WHITE,10,50.0,50372,10,white
50372,WHITE,12,117.0,50372,12,white
50372,WHITE,14,120.0,50372,14,white
50372,WHITE,16,46.0,50372,16,white
53043,DARK DENIM,S,425.0,53043,S,darkdenim
53043,DARK DENIM,M,795.0,53043,M,darkdenim
53043,DARK DENIM,L,620.0,53043,L,darkdenim
53043,DARK DENIM,XL,155.0,53043,XL,darkdenim
53043,MID DENIM,S,44.0,53043,S,middenim
53043,MID DENIM,M,83.0,53043,M,middenim
53043,MID DENIM,L,72.0,53043,L,middenim
53043,MID DENIM,XL,-7.0,53043,XL,middenim
53044,DARK DENIM,S,157.0,53044,S,darkdenim
53044,DARK DENIM,M,305.0,53044,M,darkdenim
53044,DARK DENIM,L,184.0,53044,L,darkdenim
53044,DARK DENIM,XL,6.0,53044,XL,darkdenim
53044,MID DENIM,S,0.0,53044,S,middenim
53044,MID DENIM,M,0.0,53044,M,middenim
53044,MID DENIM,L,0.0,53044,L,middenim
53044,MID DENIM,XL,0.0,53044,XL,middenim
53058,LIGHT DENIM,S,111.0,53058,S,lightdenim
53058,LIGHT DENIM,M,180.0,53058,M,lightdenim
53058,LIGHT DENIM,L,175.0,53058,L,lightdenim
53058,LIGHT DENIM,XL,34.0,53058,XL,lightdenim
53058,MID DENIM,S,161.0,53058,S,middenim
53058,MID DENIM,M,287.0,53058,M,middenim
53058,MID DENIM,L,307.0,53058,L,middenim
53058,MID DENIM,XL,93.0,53058,XL,middenim
53058,WHITE,S,161.0,53058,S,white
53058,WHITE,M,357.0,53058,M,white
53058,WHITE,L,360.0,53058,L,white
53058,WHITE,XL,168.0,53058,XL,white
53086,LIGHT DENIM,S,160.0,53086,S,lightdenim
53086,LIGHT DENIM,M,304.0,53086,M,lightdenim
53086,LIGHT DENIM,L,218.0,53086,L,lightdenim
53086,LIGHT DENIM,XL,69.0,53086,XL,lightdenim
53086,medium denim#2,S,249.0,53086,S,mediumdenim2
53086,medium denim#2,M,451.0,53086,M,mediumdenim2
53086,medium denim#2,L,400.0,53086,L,mediumdenim2
53086,medium denim#2,XL,64.0,53086,XL,mediumdenim2
55335,5A-LEOPARD PRINT,S,29.0,55335,S,5aleopardprint
55335,5A-LEOPARD PRINT,M,248.0,55335,M,5aleopardprint
55335,5A-LEOPARD PRINT,L,54.0,55335,L,5aleopardprint
55335,5A-LEOPARD PRINT,XL,-38.0,55335,XL,5aleopardprint
55335,6A BLACK FLORAL,S,101.0,55335,S,6ablackfloral
55335,6A BLACK FLORAL,M,253.0,55335,M,6ablackfloral
55335,6A BLACK FLORAL,L,-40.0,55335,L,6ablackfloral
55335,6A BLACK FLORAL,XL,-34.0,55335,XL,6ablackfloral
55335,7A PINK FLORAL,S,0.0,55335,S,7apinkfloral
55335,7A PINK FLORAL,M,0.0,55335,M,7apinkfloral
55335,7A PINK FLORAL,L,0.0,55335,L,7apinkfloral
55335,7A PINK FLORAL,XL,0.0,55335,XL,7apinkfloral
55335,8A-LOWERS SAGE FLORAL,S,0.0,55335,S,8alowerssagefloral
55335,8A-LOWERS SAGE FLORAL,M,102.0,55335,M,8alowerssagefloral
55335,8A-LOWERS SAGE FLORAL,L,11.0,55335,L,8alowerssagefloral
55335,8A-LOWERS SAGE FLORAL,XL,0.0,55335,XL,8alowerssagefloral
55365,4A-KHAKI PLAID,S,128.0,55365,S,4akhakiaid
55365,4A-KHAKI PLAID,M,56.0,55365,M,4akhakiaid
55365,4A-KHAKI PLAID,L,11.0,55365,L,4akhakiaid
55365,4A-KHAKI PLAID,XL,0.0,55365,XL,4akhakiaid
58011,PINK,XS,11.0,58011,XS,pink
58011,PINK,S,9.0,58011,S,pink
58011,PINK,M,0.0,58011,M,pink
58011,PINK,L,8.0,58011,L,pink
58011,PINK,XL,9.0,58011,XL,pink
58011,SAND,XS,16.0,58011,XS,sand
58011,SAND,S,3.0,58011,S,sand
58011,SAND,M,11.0,58011,M,sand
58011,SAND,L,8.0,58011,L,sand
58011,SAND,XL,11.0,58011,XL,sand
58013,BLACK,XS,-165.0,58013,XS,black
58013,BLACK,S,-264.0,58013,S,black
58013,BLACK,M,-464.0,58013,M,black
58013,BLACK,L,-556.0,58013,L,black
58013,BLACK,XL,-441.0,58013,XL,black
60337,BLACK,PS,7.0,60337,PS,black
60337,BLACK,PM,21.0,60337,PM,black
60337,BLACK,PL,24.0,60337,PL,black
60337,BLACK,PXL,3.0,60337,PXL,black
60337,Heather Grey,PS,1.0,60337,PS,heathergrey
60337,Heather Grey,PM,23.0,60337,PM,heathergrey
60337,Heather Grey,PL,22.0,60337,PL,heathergrey
60337,Heather Grey,PXL,10.0,60337,PXL,heathergrey
60337,heather mid night,PS,7.0,60337,PS,heathermidnight
60337,heather mid night,PM,1.0,60337,PM,heathermidnight
60337,heather mid night,PL,27.0,60337,PL,heathermidnight
60337,heather mid night,PXL,4.0,60337,PXL,heathermidnight
60337,khaki,PM,19.0,60337,PM,khaki
60337,khaki,PL,27.0,60337,PL,khaki
60337,RED,PM,25.0,60337,PM,red
60337,RED,PL,17.0,60337,PL,red
60337,white,PS,13.0,60337,PS,white
60337,white,PM,24.0,60337,PM,white
60337,white,PL,26.0,60337,PL,white
60337,white,PXL,11.0,60337,PXL,white
60340,BLACK,PS,5.0,60340,PS,black
60340,BLACK,PM,13.0,60340,PM,black
60340,BLACK,PL,11.0,60340,PL,black
60340,BLACK,PXL,15.0,60340,PXL,black
60340,INK,PS,0.0,60340,PS,ink
60340,INK,PM,0.0,60340,PM,ink
60340,INK,PL,0.0,60340,PL,ink
60340,INK,PXL,0.0,60340,PXL,ink
60340,Pink Peacock,PS,0.0,60340,PS,pinkpeacock
60340,Pink Peacock,PM,0.0,60340,PM,pinkpeacock
60340,Pink Peacock,PL,0.0,60340,PL,pinkpeacock
60340,Pink Peacock,PXL,0.0,60340,PXL,pinkpeacock
60340,RED,PS,6.0,60340,PS,red
60340,RED,PM,20.0,60340,PM,red
60340,RED,PL,17.0,60340,PL,red
60340,RED,PXL,10.0,60340,PXL,red
60340,SAHARA,PS,7.0,60340,PS,sahara
60340,SAHARA,PM,18.0,60340,PM,sahara
60340,SAHARA,PL,14.0,60340,PL,sahara
60340,SAHARA,PXL,8.0,60340,PXL,sahara
60340,WHITE,PS,1.0,60340,PS,white
60340,WHITE,PM,14.0,60340,PM,white
60340,WHITE,PL,7.0,60340,PL,white
60340,WHITE,PXL,8.0,60340,PXL,white
60372,BLACK,6P,37.0,60372,6P,black
60372,BLACK,8P,40.0,60372,8P,black
60372,BLACK,10P,0.0,60372,10P,black
60372,BLACK,12P,-19.0,60372,12P,black
60372,BLACK,14P,7.0,60372,14P,black
60372,BLACK,16P,29.0,60372,16P,black
60372,DENIM,6P,37.0,60372,6P,denim
60372,DENIM,8P,36.0,60372,8P,denim
60372,DENIM,10P,23.0,60372,10P,denim
60372,DENIM,12P,19.0,60372,12P,denim
60372,DENIM,14P,20.0,60372,14P,denim
60372,DENIM,16P,35.0,60372,16P,denim
60372,KHAKI,6P,36.0,60372,6P,khaki
60372,KHAKI,8P,43.0,60372,8P,khaki
60372,KHAKI,10P,28.0,60372,10P,khaki
60372,KHAKI,12P,22.0,60372,12P,khaki
60372,KHAKI,14P,32.0,60372,14P,khaki
60372,KHAKI,16P,35.0,60372,16P,khaki
60372,NAVY,6P,37.0,60372,6P,navy
60372,NAVY,8P,39.0,60372,8P,navy
60372,NAVY,10P,28.0,60372,10P,navy
60372,NAVY,12P,22.0,60372,12P,navy
60372,NAVY,14P,16.0,60372,14P,navy
60372,NAVY,16P,31.0,60372,16P,navy
60372,RED,6P,40.0,60372,6P,red
60372,RED,8P,30.0,60372,8P,red
60372,RED,10P,11.0,60372,10P,red
60372,RED,12P,-19.0,60372,12P,red
60372,RED,14P,-13.0,60372,14P,red
60372,RED,16P,3.0,60372,16P,red
60372,WHITE,6P,37.0,60372,6P,white
60372,WHITE,8P,43.0,60372,8P,white
60372,WHITE,10P,29.0,60372,10P,white
60372,WHITE,12P,25.0,60372,12P,white
60372,WHITE,14P,31.0,60372,14P,white
60372,WHITE,16P,39.0,60372,16P,white
63032,dark denim#2,PS,150.0,63032,PS,darkdenim2
63032,dark denim#2,PM,300.0,63032,PM,darkdenim2
63032,dark denim#2,PL,300.0,63032,PL,darkdenim2
63032,dark denim#2,PXL,150.0,63032,PXL,darkdenim2
63032,LIGHT DENIM,PS,174.0,63032,PS,lightdenim
63032,LIGHT DENIM,PM,347.0,63032,PM,lightdenim
63032,LIGHT DENIM,PL,346.0,63032,PL,lightdenim
63032,LIGHT DENIM,PXL,171.0,63032,PXL,lightdenim
63032,MID DENIM,PS,168.0,63032,PS,middenim
63032,MID DENIM,PM,352.0,63032,PM,middenim
63032,MID DENIM,PL,340.0,63032,PL,middenim
63032,MID DENIM,PXL,170.0,63032,PXL,middenim
63032,WHITE,PS,17.0,63032,PS,white
63032,WHITE,PM,32.0,63032,PM,white
63032,WHITE,PL,32.0,63032,PL,white
63032,WHITE,PXL,17.0,63032,PXL,white
63043,LIGHT DENIM,PS,29.0,63043,PS,lightdenim
63043,LIGHT DENIM,PM,49.0,63043,PM,lightdenim
63043,LIGHT DENIM,PL,45.0,63043,PL,lightdenim
63043,LIGHT DENIM,PXL,17.0,63043,PXL,lightdenim
63043,MID DENIM,PS,7.0,63043,PS,middenim
63043,MID DENIM,PM,18.0,63043,PM,middenim
63043,MID DENIM,PL,11.0,63043,PL,middenim
63043,MID DENIM,PXL,0.0,63043,PXL,middenim
63043,white,PS,26.0,63043,PS,white
63043,white,PM,64.0,63043,PM,white
63043,white,PL,52.0,63043,PL,white
63043,white,PXL,25.0,63043,PXL,white
63058,LIGHT DENIM,PS,7.0,63058,PS,lightdenim
63058,LIGHT DENIM,PM,52.0,63058,PM,lightdenim
63058,LIGHT DENIM,PL,45.0,63058,PL,lightdenim
63058,LIGHT DENIM,PXL,3.0,63058,PXL,lightdenim
63058,MID DENIM,PS,8.0,63058,PS,middenim
63058,MID DENIM,PM,62.0,63058,PM,middenim
63058,MID DENIM,PL,39.0,63058,PL,middenim
63058,MID DENIM,PXL,-2.0,63058,PXL,middenim
63058,WHITE,PS,34.0,63058,PS,white
63058,WHITE,PM,94.0,63058,PM,white
63058,WHITE,PL,93.0,63058,PL,white
63058,WHITE,PXL,40.0,63058,PXL,white
68531,BLACK,PS,0.0,68531,PS,black
68531,BLACK,PM,0.0,68531,PM,black
68531,BLACK,PL,0.0,68531,PL,black
68531,BLACK,PXL,0.0,68531,PXL,black
70073,dark denim#2,1X,305.0,70073,1X,darkdenim2
70073,dark denim#2,2X,201.0,70073,2X,darkdenim2
70073,dark denim#2,3X,95.0,70073,3X,darkdenim2
70239,BLACK,1X,18.0,70239,1X,black
70239,BLACK,2X,2.0,70239,2X,black
70239,BLACK,3X,-5.0,70239,3X,black
70239,NAVY,1X,17.0,70239,1X,navy
70239,NAVY,2X,1.0,70239,2X,navy
70239,NAVY,3X,1.0,70239,3X,navy
70239,SAHARA,1X,17.0,70239,1X,sahara
70239,SAHARA,2X,8.0,70239,2X,sahara
70239,SAHARA,3X,-3.0,70239,3X,sahara
70239,WHITE,1X,16.0,70239,1X,white
70239,WHITE,2X,9.0,70239,2X,white
70239,WHITE,3X,2.0,70239,3X,white
70283,NAVY,1X,6.0,70283,1X,navy
70283,NAVY,2X,15.0,70283,2X,navy
70283,NAVY,3X,24.0,70283,3X,navy
70283,red,1X,47.0,70283,1X,red
70283,red,2X,41.0,70283,2X,red
70283,red,3X,16.0,70283,3X,red
70337,BLACK,1X,22.0,70337,1X,black
70337,BLACK,2X,11.0,70337,2X,black
70337,heather mid night,1X,44.0,70337,1X,heathermidnight
70337,heather mid night,2X,32.0,70337,2X,heathermidnight
70337,heather mid night,3X,9.0,70337,3X,heathermidnight
70337,heather mid night,PM,23.0,70337,PM,heathermidnight
70337,khaki,1X,38.0,70337,1X,khaki
70337,khaki,2X,15.0,70337,2X,khaki
70337,KHAKI,3X,1.0,70337,3X,khaki
70337,white,1X,32.0,70337,1X,white
70337,white,2X,13.0,70337,2X,white
70337,WHITE,3X,2.0,70337,3X,white
70372,BLACK,14W,38.0,70372,14W,black
70372,BLACK,16W,38.0,70372,16W,black
70372,BLACK,18W,29.0,70372,18W,black
70372,BLACK,20W,23.0,70372,20W,black
70372,BLACK,22W,37.0,70372,22W,black
70372,BLACK,24W,35.0,70372,24W,black
70372,DENIM,14W,35.0,70372,14W,denim
70372,DENIM,16W,39.0,70372,16W,denim
70372,DENIM,18W,33.0,70372,18W,denim
70372,DENIM,20W,20.0,70372,20W,denim
70372,DENIM,22W,25.0,70372,22W,denim
70372,DENIM,24W,34.0,70372,24W,denim
70372,KHAKI,14W,42.0,70372,14W,khaki
70372,KHAKI,16W,46.0,70372,16W,khaki
70372,KHAKI,18W,49.0,70372,18W,khaki
70372,KHAKI,20W,40.0,70372,20W,khaki
70372,KHAKI,22W,39.0,70372,22W,khaki
70372,KHAKI,24W,40.0,70372,24W,khaki
70372,NAVY,14W,40.0,70372,14W,navy
70372,NAVY,16W,45.0,70372,16W,navy
70372,NAVY,18W,33.0,70372,18W,navy
70372,NAVY,20W,27.0,70372,20W,navy
70372,NAVY,22W,28.0,70372,22W,navy
70372,NAVY,24W,35.0,70372,24W,navy
70372,RED,14W,38.0,70372,14W,red
70372,RED,16W,25.0,70372,16W,red
70372,RED,18W,26.0,70372,18W,red
70372,RED,20W,14.0,70372,20W,red
70372,RED,22W,5.0,70372,22W,red
70372,RED,24W,24.0,70372,24W,red
70372,WHITE,14W,46.0,70372,14W,white
70372,WHITE,16W,45.0,70372,16W,white
70372,WHITE,18W,41.0,70372,18W,white
70372,WHITE,20W,40.0,70372,20W,white
70372,WHITE,22W,38.0,70372,22W,white
70372,WHITE,24W,37.0,70372,24W,white
70408,luxe millennium Black,1X,1104.0,70408,1X,luxemillenniumblack
70408,luxe millennium Black,2X,735.0,70408,2X,luxemillenniumblack
70408,luxe millennium Black,3X,368.0,70408,3X,luxemillenniumblack
70408,Indigo,3X,-14.0,70408,3X,indigo
70408,Indigo,3X,-13.0,70408,3X,indigo
70408,Indigo,3X,-10.0,70408,3X,indigo
73032,DARK DENIM,1X,351.0,73032,1X,darkdenim
73032,DARK DENIM,2X,81.0,73032,2X,darkdenim
73032,DARK DENIM,3X,-46.0,73032,3X,darkdenim
73032,LIGHT DENIM,1X,566.0,73032,1X,lightdenim
73032,LIGHT DENIM,2X,368.0,73032,2X,lightdenim
73032,LIGHT DENIM,3X,175.0,73032,3X,lightdenim
73032,MID DENIM,1X,524.0,73032,1X,middenim
73032,MID DENIM,2X,316.0,73032,2X,middenim
73032,MID DENIM,3X,100.0,73032,3X,middenim
73086,DARK DENIM,1X,734.0,73086,1X,darkdenim
73086,DARK DENIM,2X,444.0,73086,2X,darkdenim
73086,DARK DENIM,3X,204.0,73086,3X,darkdenim
73086,LIGHT DENIM,1X,559.0,73086,1X,lightdenim
73086,LIGHT DENIM,2X,366.0,73086,2X,lightdenim
73086,LIGHT DENIM,3X,159.0,73086,3X,lightdenim
73086,medium denim#2,1X,719.0,73086,1X,mediumdenim2
73086,medium denim#2,2X,438.0,73086,2X,mediumdenim2
73086,medium denim#2,3X,189.0,73086,3X,mediumdenim2
75365,4B KHAKI PLAID (PLAID PRINT),1X,0.0,75365,1X,4bkhakiaidaidprint
75365,4B KHAKI PLAID (PLAID PRINT),2X,0.0,75365,2X,4bkhakiaidaidprint
75365,4B KHAKI PLAID (PLAID PRINT),3X,0.0,75365,3X,4bkhakiaidaidprint
75365,Pink Floral,1X,0.0,75365,1X,pinkfloral
75365,Pink Floral,2X,0.0,75365,2X,pinkfloral
75365,Pink Floral,3X,0.0,75365,3X,pinkfloral
75365,Sage,1X,0.0,75365,1X,sage
75365,Sage,2X,0.0,75365,2X,sage
75365,Sage,3X,0.0,75365,3X,sage
79267,BLACK,1X,21.0,79267,1X,black
79267,BLACK,2X,7.0,79267,2X,black
79267,BLACK,3X,1.0,79267,3X,black
79267,NAVY,1X,15.0,79267,1X,navy
79267,NAVY,2X,1.0,79267,2X,navy
79267,NAVY,3X,-2.0,79267,3X,navy
79267,SAHARA,1X,18.0,79267,1X,sahara
79267,SAHARA,2X,14.0,79267,2X,sahara
79267,SAHARA,3X,6.0,79267,3X,sahara
79267,WHITE,1X,19.0,79267,1X,white
79267,WHITE,2X,7.0,79267,2X,white
79267,WHITE,3X,2.0,79267,3X,white
79270,NAVY,1X,-3.0,79270,1X,navy
79270,NAVY,2X,-4.0,79270,2X,navy
79270,NAVY,3X,-16.0,79270,3X,navy
79270,SAHARA,1X,-1.0,79270,1X,sahara
79270,SAHARA,2X,-7.0,79270,2X,sahara
79270,SAHARA,3X,-6.0,79270,3X,sahara
80197,#57 Black Wine Larger Houndstooth,S,172.0,80197,S,57blackwinelargerhoundstooth
80197,#57 Black Wine Larger Houndstooth,M,361.0,80197,M,57blackwinelargerhoundstooth
80197,#57 Black Wine Larger Houndstooth,L,362.0,80197,L,57blackwinelargerhoundstooth
80197,#57 Black Wine Larger Houndstooth,XL,176.0,80197,XL,57blackwinelargerhoundstooth
80197,Black,S,412.0,80197,S,black
80197,Black,M,832.0,80197,M,black
80197,Black,L,844.0,80197,L,black
80197,Black,XL,413.0,80197,XL,black
80197,HEATHER GREY,S,197.0,80197,S,heathergrey
80197,HEATHER GREY,M,384.0,80197,M,heathergrey
80197,HEATHER GREY,L,396.0,80197,L,heathergrey
80197,HEATHER GREY,XL,195.0,80197,XL,heathergrey
80218,ponte black,S,165.0,80218,S,ponteblack
80218,ponte black,M,330.0,80218,M,ponteblack
80218,ponte black,L,330.0,80218,L,ponteblack
80218,ponte black,XL,165.0,80218,XL,ponteblack
80218,ponte Olive,S,67.0,80218,S,ponteolive
80218,ponte Olive,M,134.0,80218,M,ponteolive
80218,ponte Olive,L,134.0,80218,L,ponteolive
80218,ponte Olive,XL,67.0,80218,XL,ponteolive
80218,ponte solid heather grey,S,68.0,80218,S,pontesolidheathergrey
80218,ponte solid heather grey,M,136.0,80218,M,pontesolidheathergrey
80218,ponte solid heather grey,L,136.0,80218,L,pontesolidheathergrey
80218,ponte solid heather grey,XL,68.0,80218,XL,pontesolidheathergrey
80218,ponte solid INK,S,72.0,80218,S,pontesolidink
80218,ponte solid INK,M,143.0,80218,M,pontesolidink
80218,ponte solid INK,L,144.0,80218,L,pontesolidink
80218,ponte solid INK,XL,72.0,80218,XL,pontesolidink
80218,ponte solid Wine,S,90.0,80218,S,pontesolidwine
80218,ponte solid Wine,M,180.0,80218,M,pontesolidwine
80218,ponte solid Wine,L,180.0,80218,L,pontesolidwine
80218,ponte solid Wine,XL,90.0,80218,XL,pontesolidwine
80219,ponte black,S,407.0,80219,S,ponteblack
80219,ponte black,M,818.0,80219,M,ponteblack
80219,ponte black,L,817.0,80219,L,ponteblack
80219,ponte black,XL,407.0,80219,XL,ponteblack
80219,ponte solid INK,S,186.0,80219,S,pontesolidink
80219,ponte solid INK,M,382.0,80219,M,pontesolidink
80219,ponte solid INK,L,383.0,80219,L,pontesolidink
80219,ponte solid INK,XL,190.0,80219,XL,pontesolidink
80245,Scuba Crepe Black,S,286.0,80245,S,scubacrepeblack
80245,Scuba Crepe Black,M,572.0,80245,M,scubacrepeblack
80245,Scuba Crepe Black,L,574.0,80245,L,scubacrepeblack
80245,Scuba Crepe Black,XL,286.0,80245,XL,scubacrepeblack
80245,Scuba Crepe Black,1X,1488.0,80245,1X,scubacrepeblack
80245,Scuba Crepe Black,2X,966.0,80245,2X,scubacrepeblack
80245,Scuba Crepe Black,3X,436.0,80245,3X,scubacrepeblack
80245,Scuba Crepe Ink,S,108.0,80245,S,scubacrepeink
80245,Scuba Crepe Ink,M,213.0,80245,M,scubacrepeink
80245,Scuba Crepe Ink,L,213.0,80245,L,scubacrepeink
80245,Scuba Crepe Ink,XL,107.0,80245,XL,scubacrepeink
80247,faux leather Aubrgine,S,103.0,80247,S,faueatheraubrgine
80247,faux leather Aubrgine,M,207.0,80247,M,faueatheraubrgine
80247,faux leather Aubrgine,L,206.0,80247,L,faueatheraubrgine
80247,faux leather Aubrgine,XL,103.0,80247,XL,faueatheraubrgine
80247,faux leather Black,S,299.0,80247,S,faueatherblack
80247,faux leather Black,M,606.0,80247,M,faueatherblack
80247,faux leather Black,L,601.0,80247,L,faueatherblack
80247,faux leather Black,XL,302.0,80247,XL,faueatherblack
80247,faux leather Cognac,S,52.0,80247,S,faueathercognac
80247,faux leather Cognac,M,107.0,80247,M,faueathercognac
80247,faux leather Cognac,L,108.0,80247,L,faueathercognac
80247,faux leather Cognac,XL,51.0,80247,XL,faueathercognac
80249,faux leather Black,S,199.0,80249,S,faueatherblack
80249,faux leather Black,M,399.0,80249,M,faueatherblack
80249,faux leather Black,L,398.0,80249,L,faueatherblack
80249,faux leather Black,XL,199.0,80249,XL,faueatherblack
80274,solid suede black,S,156.0,80274,S,solidsuedeblack
80274,solid suede black,M,309.0,80274,M,solidsuedeblack
80274,solid suede black,L,308.0,80274,L,solidsuedeblack
80274,solid suede black,XL,154.0,80274,XL,solidsuedeblack
80274,solid suede chocolate brown,S,156.0,80274,S,solidsuedechocolatebrown
80274,solid suede chocolate brown,M,304.0,80274,M,solidsuedechocolatebrown
80274,solid suede chocolate brown,L,304.0,80274,L,solidsuedechocolatebrown
80274,solid suede chocolate brown,XL,154.0,80274,XL,solidsuedechocolatebrown
80274,solid suede Luggage,S,146.0,80274,S,solidsuedeluggage
80274,solid suede Luggage,M,295.0,80274,M,solidsuedeluggage
80274,solid suede Luggage,L,290.0,80274,L,solidsuedeluggage
80274,solid suede Luggage,XL,141.0,80274,XL,solidsuedeluggage
80280,Black,S,145.0,80280,S,black
80280,Black,M,287.0,80280,M,black
80280,Black,L,286.0,80280,L,black
80280,Black,XL,138.0,80280,XL,black
80280,BROWN,S,75.0,80280,S,brown
80280,BROWN,M,165.0,80280,M,brown
80280,BROWN,L,165.0,80280,L,brown
80280,BROWN,XL,41.0,80280,XL,brown
80280,INK,S,94.0,80280,S,ink
80280,INK,M,200.0,80280,M,ink
80280,INK,L,201.0,80280,L,ink
80280,INK,XL,95.0,80280,XL,ink
80280,LUGGAGE,S,98.0,80280,S,luggage
80280,LUGGAGE,M,208.0,80280,M,luggage
80280,LUGGAGE,L,216.0,80280,L,luggage
80280,LUGGAGE,XL,83.0,80280,XL,luggage
80405,CYAN BLUE,S,-2.0,80405,S,cyanblue
80405,CYAN BLUE,M,9.0,80405,M,cyanblue
80405,CYAN BLUE,L,1.0,80405,L,cyanblue
80405,CYAN BLUE,XL,-4.0,80405,XL,cyanblue
80405,FANDANGO PINK,S,1.0,80405,S,fandangopink
80405,FANDANGO PINK,M,2.0,80405,M,fandangopink
80405,FANDANGO PINK,L,5.0,80405,L,fandangopink
80405,FANDANGO PINK,XL,1.0,80405,XL,fandangopink
80405,LIME GRIME,S,5.0,80405,S,limegrime
80405,LIME GRIME,M,10.0,80405,M,limegrime
80405,LIME GRIME,L,11.0,80405,L,limegrime
80405,LIME GRIME,XL,5.0,80405,XL,limegrime
88053,APPLE GREEN,S,48.0,88053,S,apegreen
88053,APPLE GREEN,M,45.0,88053,M,apegreen
88053,APPLE GREEN,L,45.0,88053,L,apegreen
88053,APPLE GREEN,XL,46.0,88053,XL,apegreen
88053,BLACK,S,93.0,88053,S,black
88053,BLACK,M,96.0,88053,M,black
88053,BLACK,L,98.0,88053,L,black
88053,BLACK,XL,96.0,88053,XL,black
88053,FUCSHIA PURPLE,S,42.0,88053,S,fucshiapure
88053,FUCSHIA PURPLE,M,43.0,88053,M,fucshiapure
88053,FUCSHIA PURPLE,L,44.0,88053,L,fucshiapure
88053,FUCSHIA PURPLE,XL,45.0,88053,XL,fucshiapure
88053,KHAKI,S,48.0,88053,S,khaki
88053,KHAKI,M,44.0,88053,M,khaki
88053,KHAKI,L,44.0,88053,L,khaki
88053,KHAKI,XL,47.0,88053,XL,khaki
88053,MELON,S,41.0,88053,S,melon
88053,MELON,M,43.0,88053,M,melon
88053,MELON,L,47.0,88053,L,melon
88053,MELON,XL,43.0,88053,XL,melon
88053,PINK PEACPOCK,S,49.0,88053,S,pinkpeacpock
88053,PINK PEACPOCK,M,45.0,88053,M,pinkpeacpock
88053,PINK PEACPOCK,L,47.0,88053,L,pinkpeacpock
88053,PINK PEACPOCK,XL,49.0,88053,XL,pinkpeacpock
88053,RED CORAL,S,47.0,88053,S,redcoral
88053,RED CORAL,M,46.0,88053,M,redcoral
88053,RED CORAL,L,43.0,88053,L,redcoral
88053,RED CORAL,XL,48.0,88053,XL,redcoral
88053,SUNLIGHT,S,47.0,88053,S,sunlight
88053,SUNLIGHT,M,46.0,88053,M,sunlight
88053,SUNLIGHT,L,46.0,88053,L,sunlight
88053,SUNLIGHT,XL,49.0,88053,XL,sunlight
88053,WHITE,S,84.0,88053,S,white
88053,WHITE,M,77.0,88053,M,white
88053,WHITE,L,85.0,88053,L,white
88053,WHITE,XL,69.0,88053,XL,white
90280,Black,PS,6.0,90280,PS,black
90280,Black,PM,11.0,90280,PM,black
90280,Black,PL,11.0,90280,PL,black
90280,Black,PXL,6.0,90280,PXL,black
95357,ponte black,S,60.0,95357,S,ponteblack
95357,ponte black,M,111.0,95357,M,ponteblack
95357,ponte black,L,120.0,95357,L,ponteblack
95357,ponte black,XL,10.0,95357,XL,ponteblack
95357,ponte Olive,S,35.0,95357,S,ponteolive
95357,ponte Olive,M,55.0,95357,M,ponteolive
95357,ponte Olive,L,53.0,95357,L,ponteolive
95357,ponte Olive,XL,6.0,95357,XL,ponteolive
95357,ponte solid heather grey,S,307.0,95357,S,pontesolidheathergrey
95357,ponte solid heather grey,M,618.0,95357,M,pontesolidheathergrey
95357,ponte solid heather grey,L,613.0,95357,L,pontesolidheathergrey
95357,ponte solid heather grey,XL,290.0,95357,XL,pontesolidheathergrey
95357,ponte solid INK,S,32.0,95357,S,pontesolidink
95357,ponte solid INK,M,61.0,95357,M,pontesolidink
95357,ponte solid INK,L,65.0,95357,L,pontesolidink
95357,ponte solid INK,XL,-1.0,95357,XL,pontesolidink
95357,ponte solid Wine,S,78.0,95357,S,pontesolidwine
95357,ponte solid Wine,M,163.0,95357,M,pontesolidwine
95357,ponte solid Wine,L,153.0,95357,L,pontesolidwine
95357,ponte solid Wine,XL,56.0,95357,XL,pontesolidwine
95358,scuba crepe black,6,150.0,95358,6,scubacrepeblack
95358,scuba crepe black,8,300.0,95358,8,scubacrepeblack
95358,scuba crepe black,10,450.0,95358,10,scubacrepeblack
95358,scuba crepe black,12,450.0,95358,12,scubacrepeblack
95358,scuba crepe black,14,300.0,95358,14,scubacrepeblack
95358,scuba crepe black,16,150.0,95358,16,scubacrepeblack
95358,scuba crepe INK,6,51.0,95358,6,scubacrepeink
95358,scuba crepe INK,8,102.0,95358,8,scubacrepeink
95358,scuba crepe INK,10,153.0,95358,10,scubacrepeink
95358,scuba crepe INK,12,153.0,95358,12,scubacrepeink
95358,scuba crepe INK,14,102.0,95358,14,scubacrepeink
95358,scuba crepe INK,16,51.0,95358,16,scubacrepeink
95359,BLACK,S,489.0,95359,S,black
95359,BLACK,M,984.0,95359,M,black
95359,BLACK,L,994.0,95359,L,black
95359,BLACK,XL,488.0,95359,XL,black
95359,HEATHER GREY,S,370.0,95359,S,heathergrey
95359,HEATHER GREY,M,757.0,95359,M,heathergrey
95359,HEATHER GREY,L,749.0,95359,L,heathergrey
95359,HEATHER GREY,XL,374.0,95359,XL,heathergrey
95359,INK,S,52.0,95359,S,ink
95359,INK,M,130.0,95359,M,ink
95359,INK,L,114.0,95359,L,ink
95359,INK,XL,44.0,95359,XL,ink
95359,OLIVE,S,73.0,95359,S,olive
95359,OLIVE,M,168.0,95359,M,olive
95359,OLIVE,L,163.0,95359,L,olive
95359,OLIVE,XL,76.0,95359,XL,olive
95359,WINE,S,187.0,95359,S,wine
95359,WINE,M,382.0,95359,M,wine
95359,WINE,L,381.0,95359,L,wine
95359,WINE,XL,180.0,95359,XL,wine
95361,COATING MILL AUBARGINE,S,102.0,95361,S,coatingmillaubargine
95361,COATING MILL AUBARGINE,M,207.0,95361,M,coatingmillaubargine
95361,COATING MILL AUBARGINE,L,207.0,95361,L,coatingmillaubargine
95361,COATING MILL AUBARGINE,XL,103.0,95361,XL,coatingmillaubargine
95361,COATING MILL BLACK,S,346.0,95361,S,coatingmillblack
95361,COATING MILL BLACK,M,680.0,95361,M,coatingmillblack
95361,COATING MILL BLACK,L,693.0,95361,L,coatingmillblack
95361,COATING MILL BLACK,XL,335.0,95361,XL,coatingmillblack
95361,COATING MILL CHOCOLATE,S,40.0,95361,S,coatingmillchocolate
95361,COATING MILL CHOCOLATE,M,80.0,95361,M,coatingmillchocolate
95361,COATING MILL CHOCOLATE,L,80.0,95361,L,coatingmillchocolate
95361,COATING MILL CHOCOLATE,XL,40.0,95361,XL,coatingmillchocolate
95361,COATING MILL COGNAC,S,104.0,95361,S,coatingmillcognac
95361,COATING MILL COGNAC,M,202.0,95361,M,coatingmillcognac
95361,COATING MILL COGNAC,L,208.0,95361,L,coatingmillcognac
95361,COATING MILL COGNAC,XL,100.0,95361,XL,coatingmillcognac
95364,Ponte Print-FY192236-25 Grey Herringbone,S,184.0,95364,S,ponteprintfy19223625greyherringbone
95364,Ponte Print-FY192236-25 Grey Herringbone,M,368.0,95364,M,ponteprintfy19223625greyherringbone
95364,Ponte Print-FY192236-25 Grey Herringbone,L,368.0,95364,L,ponteprintfy19223625greyherringbone
95364,Ponte Print-FY192236-25 Grey Herringbone,XL,184.0,95364,XL,ponteprintfy19223625greyherringbone
95364,Ponte Print-FY213388 #20 Brown/Blk/Blue Plaid,S,96.0,95364,S,ponteprintfy21338820brownblkblueaid
95364,Ponte Print-FY213388 #20 Brown/Blk/Blue Plaid,M,192.0,95364,M,ponteprintfy21338820brownblkblueaid
95364,Ponte Print-FY213388 #20 Brown/Blk/Blue Plaid,L,192.0,95364,L,ponteprintfy21338820brownblkblueaid
95364,Ponte Print-FY213388 #20 Brown/Blk/Blue Plaid,XL,96.0,95364,XL,ponteprintfy21338820brownblkblueaid
95364,Ponte Print-FY213388 #28 Black Grey Tweed,S,144.0,95364,S,ponteprintfy21338828blackgreytweed
95364,Ponte Print-FY213388 #28 Black Grey Tweed,M,288.0,95364,M,ponteprintfy21338828blackgreytweed
95364,Ponte Print-FY213388 #28 Black Grey Tweed,L,288.0,95364,L,ponteprintfy21338828blackgreytweed
95364,Ponte Print-FY213388 #28 Black Grey Tweed,XL,144.0,95364,XL,ponteprintfy21338828blackgreytweed
95364,Ponte Print-LMP2399Z Royal/Wine Plaid,S,192.0,95364,S,ponteprintlmp2399zroyalwineaid
95364,Ponte Print-LMP2399Z Royal/Wine Plaid,M,384.0,95364,M,ponteprintlmp2399zroyalwineaid
95364,Ponte Print-LMP2399Z Royal/Wine Plaid,L,384.0,95364,L,ponteprintlmp2399zroyalwineaid
95364,Ponte Print-LMP2399Z Royal/Wine Plaid,XL,192.0,95364,XL,ponteprintlmp2399zroyalwineaid
95364,solid ponte black,S,406.0,95364,S,solidponteblack
95364,solid ponte black,M,812.0,95364,M,solidponteblack
95364,solid ponte black,L,812.0,95364,L,solidponteblack
95364,solid ponte black,XL,406.0,95364,XL,solidponteblack
95364,solid ponte heather grey,S,152.0,95364,S,solidponteheathergrey
95364,solid ponte heather grey,M,304.0,95364,M,solidponteheathergrey
95364,solid ponte heather grey,L,304.0,95364,L,solidponteheathergrey
95364,solid ponte heather grey,XL,152.0,95364,XL,solidponteheathergrey
95364,solid ponte INK,S,201.0,95364,S,solidponteink
95364,solid ponte INK,M,402.0,95364,M,solidponteink
95364,solid ponte INK,L,402.0,95364,L,solidponteink
95364,solid ponte INK,XL,201.0,95364,XL,solidponteink
95364,solid ponte Wine,S,105.0,95364,S,solidpontewine
95364,solid ponte Wine,M,210.0,95364,M,solidpontewine
95364,solid ponte Wine,L,210.0,95364,L,solidpontewine
95364,solid ponte Wine,XL,105.0,95364,XL,solidpontewine
95366,FY192236-29/BLACK FLORAL,S,96.0,95366,S,fy19223629blackfloral
95366,FY192236-29/BLACK FLORAL,M,195.0,95366,M,fy19223629blackfloral
95366,FY192236-29/BLACK FLORAL,L,203.0,95366,L,fy19223629blackfloral
95366,FY192236-29/BLACK FLORAL,XL,95.0,95366,XL,fy19223629blackfloral
95366,FY192369-1-Blue Paisley,S,33.0,95366,S,fy1923691bluepaisley
95366,FY192369-1-Blue Paisley,M,57.0,95366,M,fy1923691bluepaisley
95366,FY192369-1-Blue Paisley,L,63.0,95366,L,fy1923691bluepaisley
95366,FY192369-1-Blue Paisley,XL,31.0,95366,XL,fy1923691bluepaisley
95366,FY192369-2 RED PAISLEY,S,98.0,95366,S,fy1923692redpaisley
95366,FY192369-2 RED PAISLEY,M,194.0,95366,M,fy1923692redpaisley
95366,FY192369-2 RED PAISLEY,L,191.0,95366,L,fy1923692redpaisley
95366,FY192369-2 RED PAISLEY,XL,91.0,95366,XL,fy1923692redpaisley
95366,FY213388-#20 Brown/Black/Blue Plaid,S,14.0,95366,S,fy21338820brownblackblueaid
95366,FY213388-#20 Brown/Black/Blue Plaid,M,36.0,95366,M,fy21338820brownblackblueaid
95366,FY213388-#20 Brown/Black/Blue Plaid,L,31.0,95366,L,fy21338820brownblackblueaid
95366,FY213388-#20 Brown/Black/Blue Plaid,XL,15.0,95366,XL,fy21338820brownblackblueaid
95366,FY213388-#21 Black/Grey/Blue Plaid,S,8.0,95366,S,fy21338821blackgreyblueaid
95366,FY213388-#21 Black/Grey/Blue Plaid,M,34.0,95366,M,fy21338821blackgreyblueaid
95366,FY213388-#21 Black/Grey/Blue Plaid,L,38.0,95366,L,fy21338821blackgreyblueaid
95366,FY213388-#21 Black/Grey/Blue Plaid,XL,1.0,95366,XL,fy21338821blackgreyblueaid
95366,LMP2399Z-Royal/wine Plaid,S,94.0,95366,S,lmp2399zroyalwineaid
95366,LMP2399Z-Royal/wine Plaid,M,184.0,95366,M,lmp2399zroyalwineaid
95366,LMP2399Z-Royal/wine Plaid,L,185.0,95366,L,lmp2399zroyalwineaid
95366,LMP2399Z-Royal/wine Plaid,XL,87.0,95366,XL,lmp2399zroyalwineaid
95376,BLACK,6,185.0,95376,6,black
95376,BLACK,8,369.0,95376,8,black
95376,BLACK,10,553.0,95376,10,black
95376,BLACK,12,553.0,95376,12,black
95376,BLACK,14,368.0,95376,14,black
95376,BLACK,16,182.0,95376,16,black
95376,GARNET,6,54.0,95376,6,garnet
95376,GARNET,8,110.0,95376,8,garnet
95376,GARNET,10,163.0,95376,10,garnet
95376,GARNET,12,165.0,95376,12,garnet
95376,GARNET,14,108.0,95376,14,garnet
95376,GARNET,16,54.0,95376,16,garnet
95376,INK,6,41.0,95376,6,ink
95376,INK,8,90.0,95376,8,ink
95376,INK,10,135.0,95376,10,ink
95376,INK,12,135.0,95376,12,ink
95376,INK,14,89.0,95376,14,ink
95376,INK,16,45.0,95376,16,ink
95376,NAVY/WHITE GINGHAM,6,8.0,95376,6,navywhitegingham
95376,NAVY/WHITE GINGHAM,8,9.0,95376,8,navywhitegingham
95376,NAVY/WHITE GINGHAM,10,16.0,95376,10,navywhitegingham
95376,NAVY/WHITE GINGHAM,12,19.0,95376,12,navywhitegingham
95376,NAVY/WHITE GINGHAM,14,8.0,95376,14,navywhitegingham
95376,NAVY/WHITE GINGHAM,16,3.0,95376,16,navywhitegingham
95376,SEAFOAM,6,31.0,95376,6,seafoam
95376,SEAFOAM,8,64.0,95376,8,seafoam
95376,SEAFOAM,10,95.0,95376,10,seafoam
95376,SEAFOAM,12,96.0,95376,12,seafoam
95376,SEAFOAM,14,63.0,95376,14,seafoam
95376,SEAFOAM,16,30.0,95376,16,seafoam
95385,BLACK/BLACK(192267),6,17.0,95385,6,blackblack192267
95385,BLACK/BLACK(192267),8,34.0,95385,8,blackblack192267
95385,BLACK/BLACK(192267),10,51.0,95385,10,blackblack192267
95385,BLACK/BLACK(192267),12,51.0,95385,12,blackblack192267
95385,BLACK/BLACK(192267),14,34.0,95385,14,blackblack192267
95385,BLACK/BLACK(192267),16,17.0,95385,16,blackblack192267
95385,BLACK/WHITE PLAID(182252),6,65.0,95385,6,blackwhiteaid182252
95385,BLACK/WHITE PLAID(182252),8,130.0,95385,8,blackwhiteaid182252
95385,BLACK/WHITE PLAID(182252),10,195.0,95385,10,blackwhiteaid182252
95385,BLACK/WHITE PLAID(182252),12,195.0,95385,12,blackwhiteaid182252
95385,BLACK/WHITE PLAID(182252),14,130.0,95385,14,blackwhiteaid182252
95385,BLACK/WHITE PLAID(182252),16,65.0,95385,16,blackwhiteaid182252
95385,scuba crepe black,6,153.0,95385,6,scubacrepeblack
95385,scuba crepe black,8,306.0,95385,8,scubacrepeblack
95385,scuba crepe black,10,459.0,95385,10,scubacrepeblack
95385,scuba crepe black,12,459.0,95385,12,scubacrepeblack
95385,scuba crepe black,14,306.0,95385,14,scubacrepeblack
95385,scuba crepe black,16,153.0,95385,16,scubacrepeblack
95385,scuba crepe INK,6,54.0,95385,6,scubacrepeink
95385,scuba crepe INK,8,108.0,95385,8,scubacrepeink
95385,scuba crepe INK,10,162.0,95385,10,scubacrepeink
95385,scuba crepe INK,12,162.0,95385,12,scubacrepeink
95385,scuba crepe INK,14,108.0,95385,14,scubacrepeink
95385,scuba crepe INK,16,54.0,95385,16,scubacrepeink
95390,#39 BLACK PLAID,S,194.0,95390,S,39blackaid
95390,#39 BLACK PLAID,M,397.0,95390,M,39blackaid
95390,#39 BLACK PLAID,L,394.0,95390,L,39blackaid
95390,#39 BLACK PLAID,XL,191.0,95390,XL,39blackaid
95390,BLACK,S,143.0,95390,S,black
95390,BLACK,M,289.0,95390,M,black
95390,BLACK,L,288.0,95390,L,black
95390,BLACK,XL,143.0,95390,XL,black
95390,BLACK/GREY PLAID,S,94.0,95390,S,blackgreyaid
95390,BLACK/GREY PLAID,M,202.0,95390,M,blackgreyaid
95390,BLACK/GREY PLAID,L,201.0,95390,L,blackgreyaid
95390,BLACK/GREY PLAID,XL,93.0,95390,XL,blackgreyaid
95390,BLUE PAISLEY,S,95.0,95390,S,bluepaisley
95390,BLUE PAISLEY,M,186.0,95390,M,bluepaisley
95390,BLUE PAISLEY,L,186.0,95390,L,bluepaisley
95390,BLUE PAISLEY,XL,94.0,95390,XL,bluepaisley
95390,HEATHER GREY,S,56.0,95390,S,heathergrey
95390,HEATHER GREY,M,127.0,95390,M,heathergrey
95390,HEATHER GREY,L,117.0,95390,L,heathergrey
95390,HEATHER GREY,XL,52.0,95390,XL,heathergrey
95390,RED PAISLEY,S,90.0,95390,S,redpaisley
95390,RED PAISLEY,M,182.0,95390,M,redpaisley
95390,RED PAISLEY,L,183.0,95390,L,redpaisley
95390,RED PAISLEY,XL,90.0,95390,XL,redpaisley
95390,ROYAL PLAID,S,85.0,95390,S,royalaid
95390,ROYAL PLAID,M,182.0,95390,M,royalaid
95390,ROYAL PLAID,L,188.0,95390,L,royalaid
95390,ROYAL PLAID,XL,94.0,95390,XL,royalaid
95390,WINE,S,105.0,95390,S,wine
95390,WINE,M,206.0,95390,M,wine
95390,WINE,L,209.0,95390,L,wine
95390,WINE,XL,102.0,95390,XL,wine
95392,BLACK,S,392.0,95392,S,black
95392,BLACK,M,789.0,95392,M,black
95392,BLACK,L,791.0,95392,L,black
95392,BLACK,XL,390.0,95392,XL,black
95392,BLACK SILVER JQD MILLENNIUM,S,101.0,95392,S,blacksilverjqdmillennium
95392,BLACK SILVER JQD MILLENNIUM,M,203.0,95392,M,blacksilverjqdmillennium
95392,BLACK SILVER JQD MILLENNIUM,L,204.0,95392,L,blacksilverjqdmillennium
95392,BLACK SILVER JQD MILLENNIUM,XL,95.0,95392,XL,blacksilverjqdmillennium
95392,BLACK/GREY,6,-6.0,95392,6,blackgrey
95392,BLACK/GREY,8,6.0,95392,8,blackgrey
95392,BLACK/GREY,10,-3.0,95392,10,blackgrey
95392,BLACK/GREY,12,4.0,95392,12,blackgrey
95392,BLACK/GREY,14,-5.0,95392,14,blackgrey
95392,BLACK/GREY,16,-1.0,95392,16,blackgrey
95392,BLACK/GREY JQD MILL,S,198.0,95392,S,blackgreyjqdmill
95392,BLACK/GREY JQD MILL,M,398.0,95392,M,blackgreyjqdmill
95392,BLACK/GREY JQD MILL,L,396.0,95392,L,blackgreyjqdmill
95392,BLACK/GREY JQD MILL,XL,197.0,95392,XL,blackgreyjqdmill
95392,BLACK/RED DOT,S,49.0,95392,S,blackreddot
95392,BLACK/RED DOT,M,97.0,95392,M,blackreddot
95392,BLACK/RED DOT,L,97.0,95392,L,blackreddot
95392,BLACK/RED DOT,XL,48.0,95392,XL,blackreddot
95392,BLACK/SILVER DOT JQD,S,113.0,95392,S,blacksilverdotjqd
95392,BLACK/SILVER DOT JQD,M,219.0,95392,M,blacksilverdotjqd
95392,BLACK/SILVER DOT JQD,L,216.0,95392,L,blacksilverdotjqd
95392,BLACK/SILVER DOT JQD,XL,104.0,95392,XL,blacksilverdotjqd
95392,INK,6,26.0,95392,6,ink
95392,INK,8,51.0,95392,8,ink
95392,INK,10,81.0,95392,10,ink
95392,INK,12,80.0,95392,12,ink
95392,INK,14,51.0,95392,14,ink
95392,INK,16,25.0,95392,16,ink
95392,JQD Blue,6,26.0,95392,6,jqdblue
95392,JQD Blue,8,52.0,95392,8,jqdblue
95392,JQD Blue,10,78.0,95392,10,jqdblue
95392,JQD Blue,12,78.0,95392,12,jqdblue
95392,JQD Blue,14,52.0,95392,14,jqdblue
95392,JQD Blue,16,26.0,95392,16,jqdblue
95392,JQD Brown Cheetall,6,20.0,95392,6,jqdbrowncheetall
95392,JQD Brown Cheetall,8,40.0,95392,8,jqdbrowncheetall
95392,JQD Brown Cheetall,10,60.0,95392,10,jqdbrowncheetall
95392,JQD Brown Cheetall,12,60.0,95392,12,jqdbrowncheetall
95392,JQD Brown Cheetall,14,40.0,95392,14,jqdbrowncheetall
95392,JQD Brown Cheetall,16,20.0,95392,16,jqdbrowncheetall
95392,JQD Red,6,38.0,95392,6,jqdred
95392,JQD Red,8,76.0,95392,8,jqdred
95392,JQD Red,10,114.0,95392,10,jqdred
95392,JQD Red,12,114.0,95392,12,jqdred
95392,JQD Red,14,76.0,95392,14,jqdred
95392,JQD Red,16,38.0,95392,16,jqdred
95392,mixed jqd,6,6.0,95392,6,mixedjqd
95392,mixed jqd,8,12.0,95392,8,mixedjqd
95392,mixed jqd,10,18.0,95392,10,mixedjqd
95392,mixed jqd,12,18.0,95392,12,mixedjqd
95392,mixed jqd,14,12.0,95392,14,mixedjqd
95392,mixed jqd,16,6.0,95392,16,mixedjqd
95392,OYSTER,6,7.0,95392,6,oyster
95392,OYSTER,8,16.0,95392,8,oyster
95392,OYSTER,10,23.0,95392,10,oyster
95392,OYSTER,12,21.0,95392,12,oyster
95392,OYSTER,14,13.0,95392,14,oyster
95392,OYSTER,16,6.0,95392,16,oyster
95392,PONTE INK,S,200.0,95392,S,ponteink
95392,PONTE INK,M,400.0,95392,M,ponteink
95392,PONTE INK,L,400.0,95392,L,ponteink
95392,PONTE INK,XL,201.0,95392,XL,ponteink
95392,PONTE PRINT - #17 GREY/BLACK MENSWEAR,S,104.0,95392,S,ponteprint17greyblackmenswear
95392,PONTE PRINT - #17 GREY/BLACK MENSWEAR,M,208.0,95392,M,ponteprint17greyblackmenswear
95392,PONTE PRINT - #17 GREY/BLACK MENSWEAR,L,208.0,95392,L,ponteprint17greyblackmenswear
95392,PONTE PRINT - #17 GREY/BLACK MENSWEAR,XL,104.0,95392,XL,ponteprint17greyblackmenswear
95392,PONTE PRINT - LMP2399Z ROYAL WINE PLAID,S,104.0,95392,S,ponteprintlmp2399zroyalwineaid
95392,PONTE PRINT - LMP2399Z ROYAL WINE PLAID,M,208.0,95392,M,ponteprintlmp2399zroyalwineaid
95392,PONTE PRINT - LMP2399Z ROYAL WINE PLAID,L,208.0,95392,L,ponteprintlmp2399zroyalwineaid
95392,PONTE PRINT - LMP2399Z ROYAL WINE PLAID,XL,105.0,95392,XL,ponteprintlmp2399zroyalwineaid
95392,Ponte Print # 28 Black Grey Tweed,S,88.0,95392,S,ponteprint28blackgreytweed
95392,Ponte Print # 28 Black Grey Tweed,M,176.0,95392,M,ponteprint28blackgreytweed
95392,Ponte Print # 28 Black Grey Tweed,L,176.0,95392,L,ponteprint28blackgreytweed
95392,Ponte Print # 28 Black Grey Tweed,XL,88.0,95392,XL,ponteprint28blackgreytweed
95392,Ponte Print #39 Black Plaid,S,119.0,95392,S,ponteprint39blackaid
95392,Ponte Print #39 Black Plaid,M,240.0,95392,M,ponteprint39blackaid
95392,Ponte Print #39 Black Plaid,L,240.0,95392,L,ponteprint39blackaid
95392,Ponte Print #39 Black Plaid,XL,120.0,95392,XL,ponteprint39blackaid
95392,Ponte print FY203093-Black/grey plaid,S,99.0,95392,S,ponteprintfy203093blackgreyaid
95392,Ponte print FY203093-Black/grey plaid,M,178.0,95392,M,ponteprintfy203093blackgreyaid
95392,Ponte print FY203093-Black/grey plaid,L,179.0,95392,L,ponteprintfy203093blackgreyaid
95392,Ponte print FY203093-Black/grey plaid,XL,87.0,95392,XL,ponteprintfy203093blackgreyaid
95392,Ponte print FY213388-#20 Brown/Black/Blue plaid,S,105.0,95392,S,ponteprintfy21338820brownblackblueaid
95392,Ponte print FY213388-#20 Brown/Black/Blue plaid,M,209.0,95392,M,ponteprintfy21338820brownblackblueaid
95392,Ponte print FY213388-#20 Brown/Black/Blue plaid,L,209.0,95392,L,ponteprintfy21338820brownblackblueaid
95392,Ponte print FY213388-#20 Brown/Black/Blue plaid,XL,104.0,95392,XL,ponteprintfy21338820brownblackblueaid
95392,Ponte print FY213388-#21 Brown/Grey/Blue plaid,S,105.0,95392,S,ponteprintfy21338821browngreyblueaid
95392,Ponte print FY213388-#21 Brown/Grey/Blue plaid,M,209.0,95392,M,ponteprintfy21338821browngreyblueaid
95392,Ponte print FY213388-#21 Brown/Grey/Blue plaid,L,209.0,95392,L,ponteprintfy21338821browngreyblueaid
95392,Ponte print FY213388-#21 Brown/Grey/Blue plaid,XL,105.0,95392,XL,ponteprintfy21338821browngreyblueaid
95392,Ponte solid-Heather grey,S,153.0,95392,S,pontesolidheathergrey
95392,Ponte solid-Heather grey,M,304.0,95392,M,pontesolidheathergrey
95392,Ponte solid-Heather grey,L,304.0,95392,L,pontesolidheathergrey
95392,Ponte solid-Heather grey,XL,152.0,95392,XL,pontesolidheathergrey
95392,SEAFOAM,6,43.0,95392,6,seafoam
95392,SEAFOAM,8,86.0,95392,8,seafoam
95392,SEAFOAM,10,129.0,95392,10,seafoam
95392,SEAFOAM,12,128.0,95392,12,seafoam
95392,SEAFOAM,14,84.0,95392,14,seafoam
95392,SEAFOAM,16,42.0,95392,16,seafoam
95392,WINE C,6,13.0,95392,6,winec
95392,WINE C,8,26.0,95392,8,winec
95392,WINE C,10,40.0,95392,10,winec
95392,WINE C,12,40.0,95392,12,winec
95392,WINE C,14,27.0,95392,14,winec
95392,WINE C,16,13.0,95392,16,winec
95407,BLACK,6,38.0,95407,6,black
95407,BLACK,8,38.0,95407,8,black
95407,BLACK,10,38.0,95407,10,black
95407,BLACK,12,57.0,95407,12,black
95407,BLACK,14,38.0,95407,14,black
95407,BLACK,16,38.0,95407,16,black
95407,CAMEL,6,43.0,95407,6,camel
95407,CAMEL,8,43.0,95407,8,camel
95407,CAMEL,10,86.0,95407,10,camel
95407,CAMEL,12,86.0,95407,12,camel
95407,CAMEL,14,86.0,95407,14,camel
95407,CAMEL,16,86.0,95407,16,camel
95407,NAVY,6,172.0,95407,6,navy
95407,NAVY,8,172.0,95407,8,navy
95407,NAVY,10,344.0,95407,10,navy
95407,NAVY,12,344.0,95407,12,navy
95407,NAVY,14,344.0,95407,14,navy
95407,NAVY,16,258.0,95407,16,navy
95418,BLACK,S,-22.0,95418,S,black
95418,BLACK,M,-34.0,95418,M,black
95418,BLACK,L,-31.0,95418,L,black
95418,BLACK,XL,-24.0,95418,XL,black
95418,BLACK WHITE BIRD,S,4.0,95418,S,blackwhitebird
95418,BLACK WHITE BIRD,M,4.0,95418,M,blackwhitebird
95418,BLACK WHITE BIRD,L,7.0,95418,L,blackwhitebird
95418,BLACK WHITE BIRD,XL,3.0,95418,XL,blackwhitebird
95418,BLACK WHITE WOOD,S,7.0,95418,S,blackwhitewood
95418,BLACK WHITE WOOD,M,7.0,95418,M,blackwhitewood
95418,BLACK WHITE WOOD,L,13.0,95418,L,blackwhitewood
95418,BLACK WHITE WOOD,XL,8.0,95418,XL,blackwhitewood
95431,BLACK,6,43.0,95431,6,black
95431,BLACK,8,41.0,95431,8,black
95431,BLACK,10,83.0,95431,10,black
95431,BLACK,12,80.0,95431,12,black
95431,BLACK,14,27.0,95431,14,black
95431,BLACK,16,42.0,95431,16,black
95431,NAVY,6,91.0,95431,6,navy
95431,NAVY,8,91.0,95431,8,navy
95431,NAVY,10,86.0,95431,10,navy
95431,NAVY,12,89.0,95431,12,navy
95431,NAVY,14,90.0,95431,14,navy
95431,NAVY,16,89.0,95431,16,navy
95431,OYSTER,6,43.0,95431,6,oyster
95431,OYSTER,8,44.0,95431,8,oyster
95431,OYSTER,10,36.0,95431,10,oyster
95431,OYSTER,12,40.0,95431,12,oyster
95431,OYSTER,14,33.0,95431,14,oyster
95431,OYSTER,16,40.0,95431,16,oyster
95431,SKIVVY PINK,6,44.0,95431,6,skivvypink
95431,SKIVVY PINK,8,44.0,95431,8,skivvypink
95431,SKIVVY PINK,10,44.0,95431,10,skivvypink
95431,SKIVVY PINK,12,88.0,95431,12,skivvypink
95431,SKIVVY PINK,14,38.0,95431,14,skivvypink
95431,SKIVVY PINK,16,44.0,95431,16,skivvypink
95445,Black luxe mill,6,92.0,95445,6,blackluxemill
95445,Black luxe mill,8,183.0,95445,8,blackluxemill
95445,Black luxe mill,10,276.0,95445,10,blackluxemill
95445,Black luxe mill,12,275.0,95445,12,blackluxemill
95445,Black luxe mill,14,184.0,95445,14,blackluxemill
95445,Black luxe mill,16,92.0,95445,16,blackluxemill
95445,black ponte,S,181.0,95445,S,blackponte
95445,black ponte,M,374.0,95445,M,blackponte
95445,black ponte,L,377.0,95445,L,blackponte
95445,black ponte,XL,186.0,95445,XL,blackponte
95445,black solid mill,S,232.0,95445,S,blacksolidmill
95445,black solid mill,M,464.0,95445,M,blacksolidmill
95445,black solid mill,L,463.0,95445,L,blacksolidmill
95445,black solid mill,XL,232.0,95445,XL,blacksolidmill
95445,Garnet luxe mill,6,52.0,95445,6,garnetluxemill
95445,Garnet luxe mill,8,104.0,95445,8,garnetluxemill
95445,Garnet luxe mill,10,156.0,95445,10,garnetluxemill
95445,Garnet luxe mill,12,156.0,95445,12,garnetluxemill
95445,Garnet luxe mill,14,104.0,95445,14,garnetluxemill
95445,Garnet luxe mill,16,52.0,95445,16,garnetluxemill
95445,heather grey ponte,S,199.0,95445,S,heathergreyponte
95445,heather grey ponte,M,399.0,95445,M,heathergreyponte
95445,heather grey ponte,L,398.0,95445,L,heathergreyponte
95445,heather grey ponte,XL,198.0,95445,XL,heathergreyponte
95445,Ink luxe mill,6,96.0,95445,6,inkluxemill
95445,Ink luxe mill,8,192.0,95445,8,inkluxemill
95445,Ink luxe mill,10,288.0,95445,10,inkluxemill
95445,Ink luxe mill,12,288.0,95445,12,inkluxemill
95445,Ink luxe mill,14,192.0,95445,14,inkluxemill
95445,Ink luxe mill,16,96.0,95445,16,inkluxemill
95445,Olive ponte,S,107.0,95445,S,oliveponte
95445,Olive ponte,M,216.0,95445,M,oliveponte
95445,Olive ponte,L,210.0,95445,L,oliveponte
95445,Olive ponte,XL,106.0,95445,XL,oliveponte
95445,wine ponte,S,97.0,95445,S,wineponte
95445,wine ponte,M,194.0,95445,M,wineponte
95445,wine ponte,L,187.0,95445,L,wineponte
95445,wine ponte,XL,93.0,95445,XL,wineponte
95504,FY192459 Grey/Black /Paprika(94),6,29.0,95504,6,fy192459greyblackpaprika94
95504,FY192459 Grey/Black /Paprika(94),8,66.0,95504,8,fy192459greyblackpaprika94
95504,FY192459 Grey/Black /Paprika(94),10,83.0,95504,10,fy192459greyblackpaprika94
95504,FY192459 Grey/Black /Paprika(94),12,93.0,95504,12,fy192459greyblackpaprika94
95504,FY192459 Grey/Black /Paprika(94),14,28.0,95504,14,fy192459greyblackpaprika94
95504,FY192459 Grey/Black /Paprika(94),16,8.0,95504,16,fy192459greyblackpaprika94
95504,FY192637 Black/Grey Plaid(95）,6,68.0,95504,6,fy192637blackgreyaid95
95504,FY192637 Black/Grey Plaid(95）,8,136.0,95504,8,fy192637blackgreyaid95
95504,FY192637 Black/Grey Plaid(95）,10,204.0,95504,10,fy192637blackgreyaid95
95504,FY192637 Black/Grey Plaid(95）,12,204.0,95504,12,fy192637blackgreyaid95
95504,FY192637 Black/Grey Plaid(95）,14,136.0,95504,14,fy192637blackgreyaid95
95504,FY192637 Black/Grey Plaid(95）,16,68.0,95504,16,fy192637blackgreyaid95
95504,FY192637 Black/Wine Plaid（96）,6,64.0,95504,6,fy192637blackwineaid96
95504,FY192637 Black/Wine Plaid（96）,8,128.0,95504,8,fy192637blackwineaid96
95504,FY192637 Black/Wine Plaid（96）,10,192.0,95504,10,fy192637blackwineaid96
95504,FY192637 Black/Wine Plaid（96）,12,192.0,95504,12,fy192637blackwineaid96
95504,FY192637 Black/Wine Plaid（96）,14,128.0,95504,14,fy192637blackwineaid96
95504,FY192637 Black/Wine Plaid（96）,16,64.0,95504,16,fy192637blackwineaid96
95504,FY203102-3 Grey/Gold plaid（98）,6,57.0,95504,6,fy2031023greygoldaid98
95504,FY203102-3 Grey/Gold plaid（98）,8,110.0,95504,8,fy2031023greygoldaid98
95504,FY203102-3 Grey/Gold plaid（98）,10,157.0,95504,10,fy2031023greygoldaid98
95504,FY203102-3 Grey/Gold plaid（98）,12,149.0,95504,12,fy2031023greygoldaid98
95504,FY203102-3 Grey/Gold plaid（98）,14,91.0,95504,14,fy2031023greygoldaid98
95504,FY203102-3 Grey/Gold plaid（98）,16,49.0,95504,16,fy2031023greygoldaid98
95504,luxe millennium Black,6,36.0,95504,6,luxemillenniumblack
95504,luxe millennium Black,8,68.0,95504,8,luxemillenniumblack
95504,luxe millennium Black,10,107.0,95504,10,luxemillenniumblack
95504,luxe millennium Black,12,107.0,95504,12,luxemillenniumblack
95504,luxe millennium Black,14,71.0,95504,14,luxemillenniumblack
95504,luxe millennium Black,16,36.0,95504,16,luxemillenniumblack
95504,luxe millennium GOLD,6,16.0,95504,6,luxemillenniumgold
95504,luxe millennium GOLD,8,31.0,95504,8,luxemillenniumgold
95504,luxe millennium GOLD,10,47.0,95504,10,luxemillenniumgold
95504,luxe millennium GOLD,12,47.0,95504,12,luxemillenniumgold
95504,luxe millennium GOLD,14,31.0,95504,14,luxemillenniumgold
95504,luxe millennium GOLD,16,16.0,95504,16,luxemillenniumgold
95504,luxe millennium INK,6,17.0,95504,6,luxemillenniumink
95504,luxe millennium INK,8,50.0,95504,8,luxemillenniumink
95504,luxe millennium INK,10,72.0,95504,10,luxemillenniumink
95504,luxe millennium INK,12,71.0,95504,12,luxemillenniumink
95504,luxe millennium INK,14,41.0,95504,14,luxemillenniumink
95504,luxe millennium INK,16,17.0,95504,16,luxemillenniumink
95504,luxe millennium Paprika,6,16.0,95504,6,luxemillenniumpaprika
95504,luxe millennium Paprika,8,32.0,95504,8,luxemillenniumpaprika
95504,luxe millennium Paprika,10,47.0,95504,10,luxemillenniumpaprika
95504,luxe millennium Paprika,12,48.0,95504,12,luxemillenniumpaprika
95504,luxe millennium Paprika,14,31.0,95504,14,luxemillenniumpaprika
95504,luxe millennium Paprika,16,15.0,95504,16,luxemillenniumpaprika
95504,ponte black,S,600.0,95504,S,ponteblack
95504,ponte black,M,1200.0,95504,M,ponteblack
95504,ponte black,L,1200.0,95504,L,ponteblack
95504,ponte black,XL,600.0,95504,XL,ponteblack
95504,ponte heather grey,S,200.0,95504,S,ponteheathergrey
95504,ponte heather grey,M,400.0,95504,M,ponteheathergrey
95504,ponte heather grey,L,400.0,95504,L,ponteheathergrey
95504,ponte heather grey,XL,200.0,95504,XL,ponteheathergrey
95504,ponte INK,S,200.0,95504,S,ponteink
95504,ponte INK,M,400.0,95504,M,ponteink
95504,ponte INK,L,400.0,95504,L,ponteink
95504,ponte INK,XL,200.0,95504,XL,ponteink
95504,ponte wine,S,152.0,95504,S,pontewine
95504,ponte wine,M,304.0,95504,M,pontewine
95504,ponte wine,L,304.0,95504,L,pontewine
95504,ponte wine,XL,152.0,95504,XL,pontewine
95511,#42 BROWN PLAID,S,196.0,95511,S,42brownaid
95511,#42 BROWN PLAID,M,392.0,95511,M,42brownaid
95511,#42 BROWN PLAID,L,392.0,95511,L,42brownaid
95511,#42 BROWN PLAID,XL,196.0,95511,XL,42brownaid
95511,FAUX SUEDE PRINTED #17 GREY CREME PLAID,S,201.0,95511,S,fauuedeprinted17greycremeaid
95511,FAUX SUEDE PRINTED #17 GREY CREME PLAID,M,402.0,95511,M,fauuedeprinted17greycremeaid
95511,FAUX SUEDE PRINTED #17 GREY CREME PLAID,L,402.0,95511,L,fauuedeprinted17greycremeaid
95511,FAUX SUEDE PRINTED #17 GREY CREME PLAID,XL,201.0,95511,XL,fauuedeprinted17greycremeaid
95511,FAUX SUEDE PRINTED BLACK/GREY/BROWN PLAID,S,301.0,95511,S,fauuedeprintedblackgreybrownaid
95511,FAUX SUEDE PRINTED BLACK/GREY/BROWN PLAID,M,602.0,95511,M,fauuedeprintedblackgreybrownaid
95511,FAUX SUEDE PRINTED BLACK/GREY/BROWN PLAID,L,602.0,95511,L,fauuedeprintedblackgreybrownaid
95511,FAUX SUEDE PRINTED BLACK/GREY/BROWN PLAID,XL,301.0,95511,XL,fauuedeprintedblackgreybrownaid
95511,FY192675 Black/Soft Blue houndstooth,6,8.0,95511,6,fy192675blacksoftbluehoundstooth
95511,FY192675 Black/Soft Blue houndstooth,8,16.0,95511,8,fy192675blacksoftbluehoundstooth
95511,FY192675 Black/Soft Blue houndstooth,10,24.0,95511,10,fy192675blacksoftbluehoundstooth
95511,FY192675 Black/Soft Blue houndstooth,12,24.0,95511,12,fy192675blacksoftbluehoundstooth
95511,FY192675 Black/Soft Blue houndstooth,14,16.0,95511,14,fy192675blacksoftbluehoundstooth
95511,FY192675 Black/Soft Blue houndstooth,16,8.0,95511,16,fy192675blacksoftbluehoundstooth
95511,FY192675 Brown/Teal houndstooth,6,8.0,95511,6,fy192675browntealhoundstooth
95511,FY192675 Brown/Teal houndstooth,8,16.0,95511,8,fy192675browntealhoundstooth
95511,FY192675 Brown/Teal houndstooth,10,24.0,95511,10,fy192675browntealhoundstooth
95511,FY192675 Brown/Teal houndstooth,12,24.0,95511,12,fy192675browntealhoundstooth
95511,FY192675 Brown/Teal houndstooth,14,16.0,95511,14,fy192675browntealhoundstooth
95511,FY192675 Brown/Teal houndstooth,16,8.0,95511,16,fy192675browntealhoundstooth
95511,FY203081 Solid suede 13# Brown,6,15.0,95511,6,fy203081solidsuede13brown
95511,FY203081 Solid suede 13# Brown,8,30.0,95511,8,fy203081solidsuede13brown
95511,FY203081 Solid suede 13# Brown,10,45.0,95511,10,fy203081solidsuede13brown
95511,FY203081 Solid suede 13# Brown,12,45.0,95511,12,fy203081solidsuede13brown
95511,FY203081 Solid suede 13# Brown,14,30.0,95511,14,fy203081solidsuede13brown
95511,FY203081 Solid suede 13# Brown,16,15.0,95511,16,fy203081solidsuede13brown
95511,FY203081 Solid suede 14# Black,6,24.0,95511,6,fy203081solidsuede14black
95511,FY203081 Solid suede 14# Black,8,48.0,95511,8,fy203081solidsuede14black
95511,FY203081 Solid suede 14# Black,10,72.0,95511,10,fy203081solidsuede14black
95511,FY203081 Solid suede 14# Black,12,72.0,95511,12,fy203081solidsuede14black
95511,FY203081 Solid suede 14# Black,14,48.0,95511,14,fy203081solidsuede14black
95511,FY203081 Solid suede 14# Black,16,24.0,95511,16,fy203081solidsuede14black
95511,FY203081 Solid suede 56# Wine,6,15.0,95511,6,fy203081solidsuede56wine
95511,FY203081 Solid suede 56# Wine,8,30.0,95511,8,fy203081solidsuede56wine
95511,FY203081 Solid suede 56# Wine,10,45.0,95511,10,fy203081solidsuede56wine
95511,FY203081 Solid suede 56# Wine,12,45.0,95511,12,fy203081solidsuede56wine
95511,FY203081 Solid suede 56# Wine,14,30.0,95511,14,fy203081solidsuede56wine
95511,FY203081 Solid suede 56# Wine,16,15.0,95511,16,fy203081solidsuede56wine
95511,FY203081 Solid suede 93# Luggage,6,16.0,95511,6,fy203081solidsuede93luggage
95511,FY203081 Solid suede 93# Luggage,8,32.0,95511,8,fy203081solidsuede93luggage
95511,FY203081 Solid suede 93# Luggage,10,48.0,95511,10,fy203081solidsuede93luggage
95511,FY203081 Solid suede 93# Luggage,12,48.0,95511,12,fy203081solidsuede93luggage
95511,FY203081 Solid suede 93# Luggage,14,32.0,95511,14,fy203081solidsuede93luggage
95511,FY203081 Solid suede 93# Luggage,16,16.0,95511,16,fy203081solidsuede93luggage
95511,PRINTED FY213454 #16 BLACK/WHITE HOUNDSTOOTH,S,199.0,95511,S,printedfy21345416blackwhitehoundstooth
95511,PRINTED FY213454 #16 BLACK/WHITE HOUNDSTOOTH,M,398.0,95511,M,printedfy21345416blackwhitehoundstooth
95511,PRINTED FY213454 #16 BLACK/WHITE HOUNDSTOOTH,L,398.0,95511,L,printedfy21345416blackwhitehoundstooth
95511,PRINTED FY213454 #16 BLACK/WHITE HOUNDSTOOTH,XL,199.0,95511,XL,printedfy21345416blackwhitehoundstooth
95512,BLACK GREY,6,97.0,95512,6,blackgrey
95512,BLACK GREY,8,197.0,95512,8,blackgrey
95512,BLACK GREY,10,298.0,95512,10,blackgrey
95512,BLACK GREY,12,299.0,95512,12,blackgrey
95512,BLACK GREY,14,198.0,95512,14,blackgrey
95512,BLACK GREY,16,99.0,95512,16,blackgrey
95512,BLUE WHITE,6,100.0,95512,6,bluewhite
95512,BLUE WHITE,8,194.0,95512,8,bluewhite
95512,BLUE WHITE,10,295.0,95512,10,bluewhite
95512,BLUE WHITE,12,299.0,95512,12,bluewhite
95512,BLUE WHITE,14,200.0,95512,14,bluewhite
95512,BLUE WHITE,16,99.0,95512,16,bluewhite
95516,faux suede solid Black,S,118.0,95516,S,fauuedesolidblack
95516,faux suede solid Black,M,236.0,95516,M,fauuedesolidblack
95516,faux suede solid Black,L,234.0,95516,L,fauuedesolidblack
95516,faux suede solid Black,XL,117.0,95516,XL,fauuedesolidblack
95516,faux suede solid Chocolate brown,S,177.0,95516,S,fauuedesolidchocolatebrown
95516,faux suede solid Chocolate brown,M,352.0,95516,M,fauuedesolidchocolatebrown
95516,faux suede solid Chocolate brown,L,347.0,95516,L,fauuedesolidchocolatebrown
95516,faux suede solid Chocolate brown,XL,173.0,95516,XL,fauuedesolidchocolatebrown
95516,faux suede solid INK,S,69.0,95516,S,fauuedesolidink
95516,faux suede solid INK,M,135.0,95516,M,fauuedesolidink
95516,faux suede solid INK,L,136.0,95516,L,fauuedesolidink
95516,faux suede solid INK,XL,65.0,95516,XL,fauuedesolidink
95516,faux suede solid Luggage,S,122.0,95516,S,fauuedesolidluggage
95516,faux suede solid Luggage,M,243.0,95516,M,fauuedesolidluggage
95516,faux suede solid Luggage,L,243.0,95516,L,fauuedesolidluggage
95516,faux suede solid Luggage,XL,117.0,95516,XL,fauuedesolidluggage
95516,faux suede solid Olive,S,22.0,95516,S,fauuedesolidolive
95516,faux suede solid Olive,M,34.0,95516,M,fauuedesolidolive
95516,faux suede solid Olive,L,28.0,95516,L,fauuedesolidolive
95516,faux suede solid Olive,XL,6.0,95516,XL,fauuedesolidolive
95516,faux suede solid WINE,S,18.0,95516,S,fauuedesolidwine
95516,faux suede solid WINE,M,34.0,95516,M,fauuedesolidwine
95516,faux suede solid WINE,L,33.0,95516,L,fauuedesolidwine
95516,faux suede solid WINE,XL,13.0,95516,XL,fauuedesolidwine
95517,Black,S,255.0,95517,S,black
95517,Black,M,518.0,95517,M,black
95517,Black,L,545.0,95517,L,black
95517,Black,XL,265.0,95517,XL,black
95517,Ink,S,130.0,95517,S,ink
95517,Ink,M,280.0,95517,M,ink
95517,Ink,L,288.0,95517,L,ink
95517,Ink,XL,121.0,95517,XL,ink
95518,Black/Grey Plaid print,6,-3.0,95518,6,blackgreyaidprint
95518,Black/Grey Plaid print,8,10.0,95518,8,blackgreyaidprint
95518,Black/Grey Plaid print,10,19.0,95518,10,blackgreyaidprint
95518,Black/Grey Plaid print,12,10.0,95518,12,blackgreyaidprint
95518,Black/Grey Plaid print,14,2.0,95518,14,blackgreyaidprint
95518,Black/Grey Plaid print,16,2.0,95518,16,blackgreyaidprint
95518,FY#00193-Floral print,6,16.0,95518,6,fy00193floralprint
95518,FY#00193-Floral print,8,29.0,95518,8,fy00193floralprint
95518,FY#00193-Floral print,10,49.0,95518,10,fy00193floralprint
95518,FY#00193-Floral print,12,50.0,95518,12,fy00193floralprint
95518,FY#00193-Floral print,14,33.0,95518,14,fy00193floralprint
95518,FY#00193-Floral print,16,15.0,95518,16,fy00193floralprint
95518,FY192673-Brown Leopard,6,18.0,95518,6,fy192673brownleopard
95518,FY192673-Brown Leopard,8,35.0,95518,8,fy192673brownleopard
95518,FY192673-Brown Leopard,10,53.0,95518,10,fy192673brownleopard
95518,FY192673-Brown Leopard,12,53.0,95518,12,fy192673brownleopard
95518,FY192673-Brown Leopard,14,35.0,95518,14,fy192673brownleopard
95518,FY192673-Brown Leopard,16,16.0,95518,16,fy192673brownleopard
95518,FY192673-Olive Leopard,6,17.0,95518,6,fy192673oliveleopard
95518,FY192673-Olive Leopard,8,33.0,95518,8,fy192673oliveleopard
95518,FY192673-Olive Leopard,10,46.0,95518,10,fy192673oliveleopard
95518,FY192673-Olive Leopard,12,45.0,95518,12,fy192673oliveleopard
95518,FY192673-Olive Leopard,14,31.0,95518,14,fy192673oliveleopard
95518,FY192673-Olive Leopard,16,14.0,95518,16,fy192673oliveleopard
95518,FY192678-Black Snakeskin,6,20.0,95518,6,fy192678blacksnakeskin
95518,FY192678-Black Snakeskin,8,39.0,95518,8,fy192678blacksnakeskin
95518,FY192678-Black Snakeskin,10,60.0,95518,10,fy192678blacksnakeskin
95518,FY192678-Black Snakeskin,12,49.0,95518,12,fy192678blacksnakeskin
95518,FY192678-Black Snakeskin,14,33.0,95518,14,fy192678blacksnakeskin
95518,FY192678-Black Snakeskin,16,13.0,95518,16,fy192678blacksnakeskin
95522,FY192678 Black Snakeskin（68）,6,56.0,95522,6,fy192678blacksnakeskin68
95522,FY192678 Black Snakeskin（68）,8,112.0,95522,8,fy192678blacksnakeskin68
95522,FY192678 Black Snakeskin（68）,10,168.0,95522,10,fy192678blacksnakeskin68
95522,FY192678 Black Snakeskin（68）,12,168.0,95522,12,fy192678blacksnakeskin68
95522,FY192678 Black Snakeskin（68）,14,112.0,95522,14,fy192678blacksnakeskin68
95522,FY192678 Black Snakeskin（68）,16,55.0,95522,16,fy192678blacksnakeskin68
95522,FY192687 Black Paisley（70）,6,71.0,95522,6,fy192687blackpaisley70
95522,FY192687 Black Paisley（70）,8,141.0,95522,8,fy192687blackpaisley70
95522,FY192687 Black Paisley（70）,10,213.0,95522,10,fy192687blackpaisley70
95522,FY192687 Black Paisley（70）,12,213.0,95522,12,fy192687blackpaisley70
95522,FY192687 Black Paisley（70）,14,142.0,95522,14,fy192687blackpaisley70
95522,FY192687 Black Paisley（70）,16,71.0,95522,16,fy192687blackpaisley70
95522,FY192688 Blue Paisley（69）,6,18.0,95522,6,fy192688bluepaisley69
95522,FY192688 Blue Paisley（69）,8,36.0,95522,8,fy192688bluepaisley69
95522,FY192688 Blue Paisley（69）,10,54.0,95522,10,fy192688bluepaisley69
95522,FY192688 Blue Paisley（69）,12,54.0,95522,12,fy192688bluepaisley69
95522,FY192688 Blue Paisley（69）,14,35.0,95522,14,fy192688bluepaisley69
95522,FY192688 Blue Paisley（69）,16,15.0,95522,16,fy192688bluepaisley69
95536,WHITE,S,15.0,95536,S,white
95536,WHITE,M,-5.0,95536,M,white
95536,WHITE,L,-21.0,95536,L,white
95536,WHITE,XL,-42.0,95536,XL,white
95537,BLACK,S,46.0,95537,S,black
95537,BLACK,M,49.0,95537,M,black
95537,BLACK,L,44.0,95537,L,black
95537,BLACK,XL,47.0,95537,XL,black
95537,CLOUD BURST,S,50.0,95537,S,cloudburst
95537,CLOUD BURST,M,50.0,95537,M,cloudburst
95537,CLOUD BURST,L,50.0,95537,L,cloudburst
95537,CLOUD BURST,XL,50.0,95537,XL,cloudburst
95537,KHAKI,S,48.0,95537,S,khaki
95537,KHAKI,M,47.0,95537,M,khaki
95537,KHAKI,L,38.0,95537,L,khaki
95537,KHAKI,XL,43.0,95537,XL,khaki
95537,NAVY/INDIGO,S,43.0,95537,S,navyindigo
95537,NAVY/INDIGO,M,46.0,95537,M,navyindigo
95537,NAVY/INDIGO,L,45.0,95537,L,navyindigo
95537,NAVY/INDIGO,XL,45.0,95537,XL,navyindigo
95537,SUMMER PINK,S,49.0,95537,S,summerpink
95537,SUMMER PINK,M,48.0,95537,M,summerpink
95537,SUMMER PINK,L,43.0,95537,L,summerpink
95537,SUMMER PINK,XL,45.0,95537,XL,summerpink
95537,WHITE,S,43.0,95537,S,white
95537,WHITE,M,39.0,95537,M,white
95537,WHITE,L,38.0,95537,L,white
95537,WHITE,XL,40.0,95537,XL,white
95537,YELLOW,S,36.0,95537,S,yellow
95537,YELLOW,M,21.0,95537,M,yellow
95537,YELLOW,L,14.0,95537,L,yellow
95537,YELLOW,XL,10.0,95537,XL,yellow
853105,APPLE GREEN,S,47.0,853105,S,apegreen
853105,APPLE GREEN,M,46.0,853105,M,apegreen
853105,APPLE GREEN,L,50.0,853105,L,apegreen
853105,APPLE GREEN,XL,47.0,853105,XL,apegreen
853105,BLACK,S,29.0,853105,S,black
853105,BLACK,M,3.0,853105,M,black
853105,BLACK,L,31.0,853105,L,black
853105,BLACK,XL,21.0,853105,XL,black
853105,BONE,S,46.0,853105,S,bone
853105,BONE,M,44.0,853105,M,bone
853105,BONE,L,38.0,853105,L,bone
853105,BONE,XL,32.0,853105,XL,bone
853105,CANYON ROSE,S,46.0,853105,S,canyonrose
853105,CANYON ROSE,M,48.0,853105,M,canyonrose
853105,CANYON ROSE,L,48.0,853105,L,canyonrose
853105,CANYON ROSE,XL,41.0,853105,XL,canyonrose
853105,CEMENT,S,49.0,853105,S,cement
853105,CEMENT,M,46.0,853105,M,cement
853105,CEMENT,L,43.0,853105,L,cement
853105,CEMENT,XL,47.0,853105,XL,cement
853105,DENIM,S,27.0,853105,S,denim
853105,DENIM,M,11.0,853105,M,denim
853105,DENIM,L,-22.0,853105,L,denim
853105,DENIM,XL,-14.0,853105,XL,denim
853105,FLORIDA KEY,S,46.0,853105,S,floridakey
853105,FLORIDA KEY,M,44.0,853105,M,floridakey
853105,FLORIDA KEY,L,43.0,853105,L,floridakey
853105,FLORIDA KEY,XL,50.0,853105,XL,floridakey
853105,FUCSHIA PURPLE,S,50.0,853105,S,fucshiapure
853105,FUCSHIA PURPLE,M,50.0,853105,M,fucshiapure
853105,FUCSHIA PURPLE,L,50.0,853105,L,fucshiapure
853105,FUCSHIA PURPLE,XL,50.0,853105,XL,fucshiapure
853105,Ink,S,-7.0,853105,S,ink
853105,Ink,M,-12.0,853105,M,ink
853105,Ink,L,-18.0,853105,L,ink
853105,Ink,XL,-28.0,853105,XL,ink
853105,JL SURF,S,49.0,853105,S,jlsurf
853105,JL SURF,M,49.0,853105,M,jlsurf
853105,JL SURF,L,48.0,853105,L,jlsurf
853105,JL SURF,XL,43.0,853105,XL,jlsurf
853105,LIGHT DENIM,S,40.0,853105,S,lightdenim
853105,LIGHT DENIM,M,40.0,853105,M,lightdenim
853105,LIGHT DENIM,L,38.0,853105,L,lightdenim
853105,LIGHT DENIM,XL,35.0,853105,XL,lightdenim
853105,MULED YELLOW,S,49.0,853105,S,muledyellow
853105,MULED YELLOW,M,46.0,853105,M,muledyellow
853105,MULED YELLOW,L,48.0,853105,L,muledyellow
853105,MULED YELLOW,XL,48.0,853105,XL,muledyellow
853105,OLIVE,S,48.0,853105,S,olive
853105,OLIVE,M,47.0,853105,M,olive
853105,OLIVE,L,39.0,853105,L,olive
853105,OLIVE,XL,47.0,853105,XL,olive
853105,ORCHID HUSH,S,45.0,853105,S,orchidhush
853105,ORCHID HUSH,M,43.0,853105,M,orchidhush
853105,ORCHID HUSH,L,44.0,853105,L,orchidhush
853105,ORCHID HUSH,XL,39.0,853105,XL,orchidhush
853105,SUNLIGHT,S,39.0,853105,S,sunlight
853105,SUNLIGHT,M,48.0,853105,M,sunlight
853105,SUNLIGHT,L,47.0,853105,L,sunlight
853105,SUNLIGHT,XL,44.0,853105,XL,sunlight
853105,TRUE BLUE,S,44.0,853105,S,trueblue
853105,TRUE BLUE,M,43.0,853105,M,trueblue
853105,TRUE BLUE,L,44.0,853105,L,trueblue
853105,TRUE BLUE,XL,47.0,853105,XL,trueblue
853105,WHITE,S,47.0,853105,S,white
853105,WHITE,M,45.0,853105,M,white
853105,WHITE,L,95.0,853105,L,white
853105,WHITE,XL,93.0,853105,XL,white
2010011,Aubergine,S,63.0,2010011,S,aubergine
2010011,Aubergine,M,126.0,2010011,M,aubergine
2010011,Aubergine,L,126.0,2010011,L,aubergine
2010011,Aubergine,XL,63.0,2010011,XL,aubergine
2010011,Black,S,182.0,2010011,S,black
2010011,Black,M,363.0,2010011,M,black
2010011,Black,L,363.0,2010011,L,black
2010011,Black,XL,182.0,2010011,XL,black
2010011,Cognac,S,63.0,2010011,S,cognac
2010011,Cognac,M,126.0,2010011,M,cognac
2010011,Cognac,L,126.0,2010011,L,cognac
2010011,Cognac,XL,63.0,2010011,XL,cognac
2010013,H.taupe #1827,6,33.0,2010013,6,htaupe1827
2010013,H.taupe #1827,8,67.0,2010013,8,htaupe1827
2010013,H.taupe #1827,10,91.0,2010013,10,htaupe1827
2010013,H.taupe #1827,12,99.0,2010013,12,htaupe1827
2010013,H.taupe #1827,14,42.0,2010013,14,htaupe1827
2010013,H.taupe #1827,16,20.0,2010013,16,htaupe1827
2010015,H.Navy #1827,6,14.0,2010015,6,hnavy1827
2010015,H.Navy #1827,8,53.0,2010015,8,hnavy1827
2010015,H.Navy #1827,10,54.0,2010015,10,hnavy1827
2010015,H.Navy #1827,12,66.0,2010015,12,hnavy1827
2010015,H.Navy #1827,14,12.0,2010015,14,hnavy1827
2010015,H.Navy #1827,16,-3.0,2010015,16,hnavy1827
2010015,H.taupe 1827,6,11.0,2010015,6,htaupe1827
2010015,H.taupe 1827,8,32.0,2010015,8,htaupe1827
2010015,H.taupe 1827,10,40.0,2010015,10,htaupe1827
2010015,H.taupe 1827,12,34.0,2010015,12,htaupe1827
2010015,H.taupe 1827,14,14.0,2010015,14,htaupe1827
2010015,H.taupe 1827,16,-7.0,2010015,16,htaupe1827
5010014,black solid mill,S,107.0,5010014,S,blacksolidmill
5010014,black solid mill,M,227.0,5010014,M,blacksolidmill
5010014,black solid mill,L,224.0,5010014,L,blacksolidmill
5010014,black solid mill,XL,110.0,5010014,XL,blacksolidmill
5010014,white solid mill,S,399.0,5010014,S,whitesolidmill
5010014,white solid mill,M,803.0,5010014,M,whitesolidmill
5010014,white solid mill,L,792.0,5010014,L,whitesolidmill
5010014,white solid mill,XL,387.0,5010014,XL,whitesolidmill
5010015,BLACK,S,-21.0,5010015,S,black
5010015,BLACK,M,-43.0,5010015,M,black
5010015,BLACK,L,34.0,5010015,L,black
5010015,BLACK,XL,59.0,5010015,XL,black
5010015,BROWN,S,7.0,5010015,S,brown
5010015,BROWN,M,2.0,5010015,M,brown
5010015,BROWN,L,38.0,5010015,L,brown
5010015,BROWN,XL,40.0,5010015,XL,brown
5010015,DENIM,S,-14.0,5010015,S,denim
5010015,DENIM,M,-47.0,5010015,M,denim
5010015,DENIM,L,-4.0,5010015,L,denim
5010015,DENIM,XL,-48.0,5010015,XL,denim
5010015,DUSTY BLUE,S,50.0,5010015,S,dustyblue
5010015,DUSTY BLUE,M,50.0,5010015,M,dustyblue
5010015,DUSTY BLUE,L,100.0,5010015,L,dustyblue
5010015,DUSTY BLUE,XL,100.0,5010015,XL,dustyblue
5010015,NAVY,S,-13.0,5010015,S,navy
5010015,NAVY,M,-51.0,5010015,M,navy
5010015,NAVY,L,-11.0,5010015,L,navy
5010015,NAVY,XL,-5.0,5010015,XL,navy
5010015,OLIVE,S,16.0,5010015,S,olive
5010015,OLIVE,M,-26.0,5010015,M,olive
5010015,OLIVE,L,36.0,5010015,L,olive
5010015,OLIVE,XL,25.0,5010015,XL,olive
5010015,RED CORAL,S,-31.0,5010015,S,redcoral
5010015,RED CORAL,M,-56.0,5010015,M,redcoral
5010015,RED CORAL,L,-37.0,5010015,L,redcoral
5010015,RED CORAL,XL,-16.0,5010015,XL,redcoral
5010015,Sahara/Khaki,S,202.0,5010015,S,saharakhaki
5010015,Sahara/Khaki,M,461.0,5010015,M,saharakhaki
5010015,Sahara/Khaki,L,477.0,5010015,L,saharakhaki
5010015,Sahara/Khaki,XL,167.0,5010015,XL,saharakhaki
5010015,White,S,747.0,5010015,S,white
5010015,White,M,1567.0,5010015,M,white
5010015,White,L,1564.0,5010015,L,white
5010015,White,XL,723.0,5010015,XL,white
5010015,WOOD PEACH,S,31.0,5010015,S,woodpeach
5010015,WOOD PEACH,M,30.0,5010015,M,woodpeach
5010015,WOOD PEACH,L,66.0,5010015,L,woodpeach
5010015,WOOD PEACH,XL,66.0,5010015,XL,woodpeach
5010015,WOOD ROSE,S,26.0,5010015,S,woodrose
5010015,WOOD ROSE,M,5.0,5010015,M,woodrose
5010015,WOOD ROSE,L,60.0,5010015,L,woodrose
5010015,WOOD ROSE,XL,67.0,5010015,XL,woodrose
5010077,15# Dark Heather Grey,S,133.0,5010077,S,15darkheathergrey
5010077,15# Dark Heather Grey,M,166.0,5010077,M,15darkheathergrey
5010077,15# Dark Heather Grey,L,171.0,5010077,L,15darkheathergrey
5010077,15# Dark Heather Grey,XL,128.0,5010077,XL,15darkheathergrey
5010077,17# Grey,S,87.0,5010077,S,17grey
5010077,17# Grey,M,172.0,5010077,M,17grey
5010077,17# Grey,L,175.0,5010077,L,17grey
5010077,17# Grey,XL,85.0,5010077,XL,17grey
5010077,213400-WINE,S,103.0,5010077,S,213400wine
5010077,213400-WINE,M,204.0,5010077,M,213400wine
5010077,213400-WINE,L,202.0,5010077,L,213400wine
5010077,213400-WINE,XL,101.0,5010077,XL,213400wine
5010077,BLACK,S,1002.0,5010077,S,black
5010077,BLACK,M,1993.0,5010077,M,black
5010077,BLACK,L,2011.0,5010077,L,black
5010077,BLACK,XL,997.0,5010077,XL,black
5010077,DENIM,S,184.0,5010077,S,denim
5010077,DENIM,M,369.0,5010077,M,denim
5010077,DENIM,L,374.0,5010077,L,denim
5010077,DENIM,XL,184.0,5010077,XL,denim
5010077,LT GREEN,S,50.0,5010077,S,ltgreen
5010077,LT GREEN,M,87.0,5010077,M,ltgreen
5010077,LT GREEN,L,94.0,5010077,L,ltgreen
5010077,LT GREEN,XL,34.0,5010077,XL,ltgreen
5010077,LT PINK,S,20.0,5010077,S,ltpink
5010077,LT PINK,M,42.0,5010077,M,ltpink
5010077,LT PINK,L,56.0,5010077,L,ltpink
5010077,LT PINK,XL,8.0,5010077,XL,ltpink
5010135,#17 Grey/Black Menswear,S,89.0,5010135,S,17greyblackmenswear
5010135,#17 Grey/Black Menswear,M,182.0,5010135,M,17greyblackmenswear
5010135,#17 Grey/Black Menswear,L,182.0,5010135,L,17greyblackmenswear
5010135,#17 Grey/Black Menswear,XL,85.0,5010135,XL,17greyblackmenswear
5010135,#2 Olive/Grey/Black Camoflage,S,70.0,5010135,S,2olivegreyblackcamoflage
5010135,#2 Olive/Grey/Black Camoflage,M,147.0,5010135,M,2olivegreyblackcamoflage
5010135,#2 Olive/Grey/Black Camoflage,L,145.0,5010135,L,2olivegreyblackcamoflage
5010135,#2 Olive/Grey/Black Camoflage,XL,67.0,5010135,XL,2olivegreyblackcamoflage
5010135,#35 Grey/Black Camoflage,S,191.0,5010135,S,35greyblackcamoflage
5010135,#35 Grey/Black Camoflage,M,381.0,5010135,M,35greyblackcamoflage
5010135,#35 Grey/Black Camoflage,L,384.0,5010135,L,35greyblackcamoflage
5010135,#35 Grey/Black Camoflage,XL,188.0,5010135,XL,35greyblackcamoflage
5010135,#4 Brown Cheetah,S,143.0,5010135,S,4browncheetah
5010135,#4 Brown Cheetah,M,291.0,5010135,M,4browncheetah
5010135,#4 Brown Cheetah,L,292.0,5010135,L,4browncheetah
5010135,#4 Brown Cheetah,XL,146.0,5010135,XL,4browncheetah
5010135,#49 Grey/Black Rose Camoflage,S,188.0,5010135,S,49greyblackrosecamoflage
5010135,#49 Grey/Black Rose Camoflage,M,379.0,5010135,M,49greyblackrosecamoflage
5010135,#49 Grey/Black Rose Camoflage,L,382.0,5010135,L,49greyblackrosecamoflage
5010135,#49 Grey/Black Rose Camoflage,XL,191.0,5010135,XL,49greyblackrosecamoflage
5010135,Black,S,142.0,5010135,S,black
5010135,Black,M,288.0,5010135,M,black
5010135,Black,L,278.0,5010135,L,black
5010135,Black,XL,124.0,5010135,XL,black
5010149,#20 Brown Black Blue Plaid,S,142.0,5010149,S,20brownblackblueaid
5010149,#20 Brown Black Blue Plaid,M,64.0,5010149,M,20brownblackblueaid
5010149,#20 Brown Black Blue Plaid,L,59.0,5010149,L,20brownblackblueaid
5010149,#20 Brown Black Blue Plaid,XL,141.0,5010149,XL,20brownblackblueaid
5010149,#23 Black Grey Plaid,S,43.0,5010149,S,23blackgreyaid
5010149,#23 Black Grey Plaid,M,85.0,5010149,M,23blackgreyaid
5010149,#23 Black Grey Plaid,L,86.0,5010149,L,23blackgreyaid
5010149,#23 Black Grey Plaid,XL,42.0,5010149,XL,23blackgreyaid
5010149,#23 Black Grey Plaid,S,24.0,5010149,S,23blackgreyaid
5010149,#23 Black Grey Plaid,M,48.0,5010149,M,23blackgreyaid
5010149,#23 Black Grey Plaid,L,48.0,5010149,L,23blackgreyaid
5010149,#23 Black Grey Plaid,XL,24.0,5010149,XL,23blackgreyaid
5010149,#28 Black Grey Tweed,S,16.0,5010149,S,28blackgreytweed
5010149,#28 Black Grey Tweed,M,32.0,5010149,M,28blackgreytweed
5010149,#28 Black Grey Tweed,L,31.0,5010149,L,28blackgreytweed
5010149,#28 Black Grey Tweed,XL,13.0,5010149,XL,28blackgreytweed
5010149,#35 Grey Black Camoflage,S,25.5,5010149,S,35greyblackcamoflage
5010149,#35 Grey Black Camoflage,M,51.0,5010149,M,35greyblackcamoflage
5010149,#35 Grey Black Camoflage,L,51.0,5010149,L,35greyblackcamoflage
5010149,#35 Grey Black Camoflage,XL,25.5,5010149,XL,35greyblackcamoflage
5010149,#39 Black Plaid,S,22.0,5010149,S,39blackaid
5010149,#39 Black Plaid,M,42.0,5010149,M,39blackaid
5010149,#39 Black Plaid,L,43.0,5010149,L,39blackaid
5010149,#39 Black Plaid,XL,21.0,5010149,XL,39blackaid
5010149,Black floral,S,87.0,5010149,S,blackfloral
5010149,Black floral,M,176.0,5010149,M,blackfloral
5010149,Black floral,L,176.0,5010149,L,blackfloral
5010149,Black floral,XL,88.0,5010149,XL,blackfloral
5010149,Black Grey Blue Plaid,S,24.0,5010149,S,blackgreyblueaid
5010149,Black Grey Blue Plaid,M,48.0,5010149,M,blackgreyblueaid
5010149,Black Grey Blue Plaid,L,48.0,5010149,L,blackgreyblueaid
5010149,Black Grey Blue Plaid,XL,24.0,5010149,XL,blackgreyblueaid
5010149,BLACK mill,S,142.0,5010149,S,blackmill
5010149,BLACK mill,M,126.0,5010149,M,blackmill
5010149,BLACK mill,L,127.0,5010149,L,blackmill
5010149,BLACK mill,XL,147.0,5010149,XL,blackmill
5010149,Blue Paisley,S,95.0,5010149,S,bluepaisley
5010149,Blue Paisley,M,191.0,5010149,M,bluepaisley
5010149,Blue Paisley,L,189.0,5010149,L,bluepaisley
5010149,Blue Paisley,XL,96.0,5010149,XL,bluepaisley
5010149,Brown cheetah,S,88.0,5010149,S,browncheetah
5010149,Brown cheetah,M,174.0,5010149,M,browncheetah
5010149,Brown cheetah,L,175.0,5010149,L,browncheetah
5010149,Brown cheetah,XL,84.0,5010149,XL,browncheetah
5010149,Dark grey light grey check,S,16.0,5010149,S,darkgreylightgreycheck
5010149,Dark grey light grey check,M,32.0,5010149,M,darkgreylightgreycheck
5010149,Dark grey light grey check,L,32.0,5010149,L,darkgreylightgreycheck
5010149,Dark grey light grey check,XL,16.0,5010149,XL,darkgreylightgreycheck
5010149,Olive Grey Black Camouflage,S,16.0,5010149,S,olivegreyblackcamouflage
5010149,Olive Grey Black Camouflage,M,32.0,5010149,M,olivegreyblackcamouflage
5010149,Olive Grey Black Camouflage,L,32.0,5010149,L,olivegreyblackcamouflage
5010149,Olive Grey Black Camouflage,XL,16.0,5010149,XL,olivegreyblackcamouflage
5010149,Pink Dark Grey Camouflage,S,16.0,5010149,S,pinkdarkgreycamouflage
5010149,Pink Dark Grey Camouflage,M,32.0,5010149,M,pinkdarkgreycamouflage
5010149,Pink Dark Grey Camouflage,L,32.0,5010149,L,pinkdarkgreycamouflage
5010149,Pink Dark Grey Camouflage,XL,16.0,5010149,XL,pinkdarkgreycamouflage
5010149,Pink grey black camouflage,S,132.0,5010149,S,pinkgreyblackcamouflage
5010149,Pink grey black camouflage,M,262.0,5010149,M,pinkgreyblackcamouflage
5010149,Pink grey black camouflage,L,262.0,5010149,L,pinkgreyblackcamouflage
5010149,Pink grey black camouflage,XL,132.0,5010149,XL,pinkgreyblackcamouflage
5010149,Ponte Print 32#,S,72.0,5010149,S,ponteprint32
5010149,Ponte Print 32#,M,144.0,5010149,M,ponteprint32
5010149,Ponte Print 32#,L,144.0,5010149,L,ponteprint32
5010149,Ponte Print 32#,XL,72.0,5010149,XL,ponteprint32
5010149,Ponte Print 36#,S,144.0,5010149,S,ponteprint36
5010149,Ponte Print 36#,M,192.0,5010149,M,ponteprint36
5010149,Ponte Print 36#,L,192.0,5010149,L,ponteprint36
5010149,Ponte Print 36#,XL,145.0,5010149,XL,ponteprint36
5010149,Red Paisley,S,84.0,5010149,S,redpaisley
5010149,Red Paisley,M,162.0,5010149,M,redpaisley
5010149,Red Paisley,L,165.0,5010149,L,redpaisley
5010149,Red Paisley,XL,84.0,5010149,XL,redpaisley
5010149,Royal Wine Plaid,S,64.0,5010149,S,royalwineaid
5010149,Royal Wine Plaid,M,128.0,5010149,M,royalwineaid
5010149,Royal Wine Plaid,L,128.0,5010149,L,royalwineaid
5010149,Royal Wine Plaid,XL,64.0,5010149,XL,royalwineaid
5010149,Solid Black,S,79.0,5010149,S,solidblack
5010149,Solid Black,M,159.0,5010149,M,solidblack
5010149,Solid Black,L,159.0,5010149,L,solidblack
5010149,Solid Black,XL,80.0,5010149,XL,solidblack
5010149,Solid Black,S,56.0,5010149,S,solidblack
5010149,Solid Black,M,111.0,5010149,M,solidblack
5010149,Solid Black,L,111.0,5010149,L,solidblack
5010149,Solid Black,XL,55.0,5010149,XL,solidblack
5010149,Wine,S,102.0,5010149,S,wine
5010149,Wine,M,208.0,5010149,M,wine
5010149,Wine,L,208.0,5010149,L,wine
5010149,Wine,XL,104.0,5010149,XL,wine
5010160,#32 BLACK GREY GLEN PLAID W/MUSTARD OVERLAY,S,42.0,5010160,S,32blackgreyglenaidwmustardoverlay
5010160,#32 BLACK GREY GLEN PLAID W/MUSTARD OVERLAY,M,169.0,5010160,M,32blackgreyglenaidwmustardoverlay
5010160,#32 BLACK GREY GLEN PLAID W/MUSTARD OVERLAY,L,180.0,5010160,L,32blackgreyglenaidwmustardoverlay
5010160,#32 BLACK GREY GLEN PLAID W/MUSTARD OVERLAY,XL,-2.0,5010160,XL,32blackgreyglenaidwmustardoverlay
5010160,BLACK WINE SMALL HOUNSTOOTH CHECK # 51,S,66.0,5010160,S,blackwinesmallhounstoothcheck51
5010160,BLACK WINE SMALL HOUNSTOOTH CHECK # 51,M,265.0,5010160,M,blackwinesmallhounstoothcheck51
5010160,BLACK WINE SMALL HOUNSTOOTH CHECK # 51,L,266.0,5010160,L,blackwinesmallhounstoothcheck51
5010160,BLACK WINE SMALL HOUNSTOOTH CHECK # 51,XL,99.0,5010160,XL,blackwinesmallhounstoothcheck51
5010160,KHAKI/GREY/BLACK PLAID,S,172.0,5010160,S,khakigreyblackaid
5010160,KHAKI/GREY/BLACK PLAID,M,364.0,5010160,M,khakigreyblackaid
5010160,KHAKI/GREY/BLACK PLAID,L,358.0,5010160,L,khakigreyblackaid
5010160,KHAKI/GREY/BLACK PLAID,XL,178.0,5010160,XL,khakigreyblackaid
5010160,luxe mill black,6,100.0,5010160,6,luxemillblack
5010160,luxe mill black,8,200.0,5010160,8,luxemillblack
5010160,luxe mill black,10,300.0,5010160,10,luxemillblack
5010160,luxe mill black,12,300.0,5010160,12,luxemillblack
5010160,luxe mill black,14,199.0,5010160,14,luxemillblack
5010160,luxe mill black,16,100.0,5010160,16,luxemillblack
5010160,SCUBA CREPE BLACK,S,670.0,5010160,S,scubacrepeblack
5010160,SCUBA CREPE BLACK,M,1339.0,5010160,M,scubacrepeblack
5010160,SCUBA CREPE BLACK,L,1339.0,5010160,L,scubacrepeblack
5010160,SCUBA CREPE BLACK,XL,670.0,5010160,XL,scubacrepeblack
5010160,SCUBA CREPE INK,S,280.0,5010160,S,scubacrepeink
5010160,SCUBA CREPE INK,M,577.0,5010160,M,scubacrepeink
5010160,SCUBA CREPE INK,L,576.0,5010160,L,scubacrepeink
5010160,SCUBA CREPE INK,XL,279.0,5010160,XL,scubacrepeink
5010160,SCUBA CREPE khaki,S,105.0,5010160,S,scubacrepekhaki
5010160,SCUBA CREPE khaki,M,209.0,5010160,M,scubacrepekhaki
5010160,SCUBA CREPE khaki,L,209.0,5010160,L,scubacrepekhaki
5010160,SCUBA CREPE khaki,XL,105.0,5010160,XL,scubacrepekhaki
5010160,Solid Black,6,100.0,5010160,6,solidblack
5010160,Solid Black,8,200.0,5010160,8,solidblack
5010160,Solid Black,10,301.0,5010160,10,solidblack
5010160,Solid Black,12,300.0,5010160,12,solidblack
5010160,Solid Black,14,200.0,5010160,14,solidblack
5010160,Solid Black,16,100.0,5010160,16,solidblack
5010160,solid sahara,6,84.0,5010160,6,solidsahara
5010160,solid sahara,8,168.0,5010160,8,solidsahara
5010160,solid sahara,10,252.0,5010160,10,solidsahara
5010160,solid sahara,12,252.0,5010160,12,solidsahara
5010160,solid sahara,14,167.0,5010160,14,solidsahara
5010160,solid sahara,16,84.0,5010160,16,solidsahara
5010161,BLACK,6,177.0,5010161,6,black
5010161,BLACK,8,357.0,5010161,8,black
5010161,BLACK,10,531.0,5010161,10,black
5010161,BLACK,12,538.0,5010161,12,black
5010161,BLACK,14,351.0,5010161,14,black
5010161,BLACK,16,167.0,5010161,16,black
5010161,NAVY,6,77.0,5010161,6,navy
5010161,NAVY,8,165.0,5010161,8,navy
5010161,NAVY,12,246.0,5010161,12,navy
5010161,NAVY,14,172.0,5010161,14,navy
5010161,NAVY,16,77.0,5010161,16,navy
5010161,NAVY mill,10,240.0,5010161,10,navymill
5010161,WHITE,6,215.0,5010161,6,white
5010161,WHITE,8,433.0,5010161,8,white
5010161,WHITE,10,654.0,5010161,10,white
5010161,WHITE,12,645.0,5010161,12,white
5010161,WHITE,14,433.0,5010161,14,white
5010161,WHITE,16,216.0,5010161,16,white
5010163,#42 BROWN PLAID,S,62.0,5010163,S,42brownaid
5010163,#42 BROWN PLAID,M,118.0,5010163,M,42brownaid
5010163,#42 BROWN PLAID,L,115.0,5010163,L,42brownaid
5010163,#42 BROWN PLAID,XL,53.0,5010163,XL,42brownaid
5010163,FY213454 #16 BLK/WINE HOUNDSTOOTH,S,80.0,5010163,S,fy21345416blkwinehoundstooth
5010163,FY213454 #16 BLK/WINE HOUNDSTOOTH,M,166.0,5010163,M,fy21345416blkwinehoundstooth
5010163,FY213454 #16 BLK/WINE HOUNDSTOOTH,L,166.0,5010163,L,fy21345416blkwinehoundstooth
5010163,FY213454 #16 BLK/WINE HOUNDSTOOTH,XL,81.0,5010163,XL,fy21345416blkwinehoundstooth
5010163,FY213454 #17 GREY CRÈME PLAID,S,106.0,5010163,S,fy21345417greycrmeaid
5010163,FY213454 #17 GREY CRÈME PLAID,M,220.0,5010163,M,fy21345417greycrmeaid
5010163,FY213454 #17 GREY CRÈME PLAID,L,216.0,5010163,L,fy21345417greycrmeaid
5010163,FY213454 #17 GREY CRÈME PLAID,XL,109.0,5010163,XL,fy21345417greycrmeaid
5010163,FY213454 #42 BROWN PLAID,S,11.0,5010163,S,fy21345442brownaid
5010163,FY213454 #42 BROWN PLAID,M,22.0,5010163,M,fy21345442brownaid
5010163,FY213454 #42 BROWN PLAID,L,22.0,5010163,L,fy21345442brownaid
5010163,FY213454 #42 BROWN PLAID,XL,10.0,5010163,XL,fy21345442brownaid
5010163,FY223698 BLK GRY BROWN PLAID,S,162.0,5010163,S,fy223698blkgrybrownaid
5010163,FY223698 BLK GRY BROWN PLAID,M,324.0,5010163,M,fy223698blkgrybrownaid
5010163,FY223698 BLK GRY BROWN PLAID,L,324.0,5010163,L,fy223698blkgrybrownaid
5010163,FY223698 BLK GRY BROWN PLAID,XL,161.0,5010163,XL,fy223698blkgrybrownaid
5010163,SOLID FAUX SUEDE BLACK,S,156.0,5010163,S,solidfauuedeblack
5010163,SOLID FAUX SUEDE BLACK,M,316.0,5010163,M,solidfauuedeblack
5010163,SOLID FAUX SUEDE BLACK,L,316.0,5010163,L,solidfauuedeblack
5010163,SOLID FAUX SUEDE BLACK,XL,148.0,5010163,XL,solidfauuedeblack
5010163,SOLID FAUX SUEDE CHOCOLATE BROWN,S,149.0,5010163,S,solidfauuedechocolatebrown
5010163,SOLID FAUX SUEDE CHOCOLATE BROWN,M,300.0,5010163,M,solidfauuedechocolatebrown
5010163,SOLID FAUX SUEDE CHOCOLATE BROWN,L,298.0,5010163,L,solidfauuedechocolatebrown
5010163,SOLID FAUX SUEDE CHOCOLATE BROWN,XL,148.0,5010163,XL,solidfauuedechocolatebrown
5010163,SOLID FAUX SUEDE INK,S,69.0,5010163,S,solidfauuedeink
5010163,SOLID FAUX SUEDE INK,M,141.0,5010163,M,solidfauuedeink
5010163,SOLID FAUX SUEDE INK,L,135.0,5010163,L,solidfauuedeink
5010163,SOLID FAUX SUEDE INK,XL,63.0,5010163,XL,solidfauuedeink
5010163,SOLID FAUX SUEDE LUGGAGE,S,162.0,5010163,S,solidfauuedeluggage
5010163,SOLID FAUX SUEDE LUGGAGE,M,323.0,5010163,M,solidfauuedeluggage
5010163,SOLID FAUX SUEDE LUGGAGE,L,324.0,5010163,L,solidfauuedeluggage
5010163,SOLID FAUX SUEDE LUGGAGE,XL,161.0,5010163,XL,solidfauuedeluggage
5010163,SOLID FAUX SUEDE OLIVE,S,20.0,5010163,S,solidfauuedeolive
5010163,SOLID FAUX SUEDE OLIVE,M,45.0,5010163,M,solidfauuedeolive
5010163,SOLID FAUX SUEDE OLIVE,L,45.0,5010163,L,solidfauuedeolive
5010163,SOLID FAUX SUEDE OLIVE,XL,22.0,5010163,XL,solidfauuedeolive
5010163,SOLID FAUX SUEDE WINE,S,21.0,5010163,S,solidfauuedewine
5010163,SOLID FAUX SUEDE WINE,M,45.0,5010163,M,solidfauuedewine
5010163,SOLID FAUX SUEDE WINE,L,46.0,5010163,L,solidfauuedewine
5010163,SOLID FAUX SUEDE WINE,XL,21.0,5010163,XL,solidfauuedewine
5010186,Olive(298 scuba crepe),PS,149.0,5010186,PS,olive298scubacrepe
5010186,Olive(298 scuba crepe),PM,302.0,5010186,PM,olive298scubacrepe
5010186,Olive(298 scuba crepe),PL,299.0,5010186,PL,olive298scubacrepe
5010186,Olive(298 scuba crepe),PXL,151.0,5010186,PXL,olive298scubacrepe
5010407,Fuchsia#0298 scuba crepe,6,41.0,5010407,6,fuchsia0298scubacrepe
5010407,Fuchsia#0298 scuba crepe,8,33.0,5010407,8,fuchsia0298scubacrepe
5010407,Fuchsia#0298 scuba crepe,10,1.0,5010407,10,fuchsia0298scubacrepe
5010407,Fuchsia#0298 scuba crepe,12,-3.0,5010407,12,fuchsia0298scubacrepe
5010407,Fuchsia#0298 scuba crepe,14,4.0,5010407,14,fuchsia0298scubacrepe
5010407,Fuchsia#0298 scuba crepe,16,12.0,5010407,16,fuchsia0298scubacrepe
5010407,black luxe mill,6,179.0,5010407,6,blackluxemill
5010407,black luxe mill,8,356.0,5010407,8,blackluxemill
5010407,black luxe mill,10,536.0,5010407,10,blackluxemill
5010407,black luxe mill,12,531.0,5010407,12,blackluxemill
5010407,black luxe mill,14,344.0,5010407,14,blackluxemill
5010407,black luxe mill,16,167.0,5010407,16,blackluxemill
5010407,BLACK MILL,6,-1.0,5010407,6,blackmill
5010407,BLACK MILL,8,17.0,5010407,8,blackmill
5010407,BLACK MILL,10,33.0,5010407,10,blackmill
5010407,BLACK MILL,12,29.0,5010407,12,blackmill
5010407,BLACK MILL,14,33.0,5010407,14,blackmill
5010407,BLACK MILL,16,1.0,5010407,16,blackmill
5010407,BLACK scuba crepe,6,273.0,5010407,6,blackscubacrepe
5010407,BLACK scuba crepe,8,188.0,5010407,8,blackscubacrepe
5010407,BLACK scuba crepe,10,203.0,5010407,10,blackscubacrepe
5010407,BLACK scuba crepe,12,193.0,5010407,12,blackscubacrepe
5010407,BLACK scuba crepe,14,193.0,5010407,14,blackscubacrepe
5010407,BLACK scuba crepe,16,259.0,5010407,16,blackscubacrepe
5010407,charcoal #0298 scuba crepe,6,24.0,5010407,6,charcoal0298scubacrepe
5010407,charcoal #0298 scuba crepe,8,19.0,5010407,8,charcoal0298scubacrepe
5010407,charcoal #0298 scuba crepe,10,5.0,5010407,10,charcoal0298scubacrepe
5010407,charcoal #0298 scuba crepe,12,13.0,5010407,12,charcoal0298scubacrepe
5010407,charcoal #0298 scuba crepe,14,16.0,5010407,14,charcoal0298scubacrepe
5010407,charcoal #0298 scuba crepe,16,20.0,5010407,16,charcoal0298scubacrepe
5010407,Gold #0298 scuba crepe,6,41.0,5010407,6,gold0298scubacrepe
5010407,Gold #0298 scuba crepe,8,31.0,5010407,8,gold0298scubacrepe
5010407,Gold #0298 scuba crepe,10,20.0,5010407,10,gold0298scubacrepe
5010407,Gold #0298 scuba crepe,12,9.0,5010407,12,gold0298scubacrepe
5010407,Gold #0298 scuba crepe,14,23.0,5010407,14,gold0298scubacrepe
5010407,Gold #0298 scuba crepe,16,22.0,5010407,16,gold0298scubacrepe
5010407,khaki #0298 scuba crepe,6,27.0,5010407,6,khaki0298scubacrepe
5010407,khaki #0298 scuba crepe,8,28.0,5010407,8,khaki0298scubacrepe
5010407,khaki #0298 scuba crepe,10,-3.0,5010407,10,khaki0298scubacrepe
5010407,khaki #0298 scuba crepe,12,-10.0,5010407,12,khaki0298scubacrepe
5010407,khaki #0298 scuba crepe,14,5.0,5010407,14,khaki0298scubacrepe
5010407,khaki #0298 scuba crepe,16,17.0,5010407,16,khaki0298scubacrepe
5010407,NAVY scuba crepe,6,-21.0,5010407,6,navyscubacrepe
5010407,NAVY scuba crepe,8,-9.0,5010407,8,navyscubacrepe
5010407,NAVY scuba crepe,10,-16.0,5010407,10,navyscubacrepe
5010407,NAVY scuba crepe,12,-15.0,5010407,12,navyscubacrepe
5010407,NAVY scuba crepe,14,-45.0,5010407,14,navyscubacrepe
5010407,NAVY scuba crepe,16,-22.0,5010407,16,navyscubacrepe
5010407,OAT MILL,6,15.0,5010407,6,oatmill
5010407,OAT MILL,8,32.0,5010407,8,oatmill
5010407,OAT MILL,10,48.0,5010407,10,oatmill
5010407,OAT MILL,12,48.0,5010407,12,oatmill
5010407,OAT MILL,14,15.0,5010407,14,oatmill
5010407,OAT MILL,16,16.0,5010407,16,oatmill
5010407,olive #0298 scuba crepe,6,44.0,5010407,6,olive0298scubacrepe
5010407,olive #0298 scuba crepe,8,30.0,5010407,8,olive0298scubacrepe
5010407,olive #0298 scuba crepe,10,21.0,5010407,10,olive0298scubacrepe
5010407,olive #0298 scuba crepe,12,17.0,5010407,12,olive0298scubacrepe
5010407,olive #0298 scuba crepe,14,26.0,5010407,14,olive0298scubacrepe
5010407,olive #0298 scuba crepe,16,29.0,5010407,16,olive0298scubacrepe
5010407,peach #0298 scuba crepe,6,42.0,5010407,6,peach0298scubacrepe
5010407,peach #0298 scuba crepe,8,41.0,5010407,8,peach0298scubacrepe
5010407,peach #0298 scuba crepe,10,33.0,5010407,10,peach0298scubacrepe
5010407,peach #0298 scuba crepe,12,34.0,5010407,12,peach0298scubacrepe
5010407,peach #0298 scuba crepe,14,41.0,5010407,14,peach0298scubacrepe
5010407,peach #0298 scuba crepe,16,43.0,5010407,16,peach0298scubacrepe
5010407,red #0298 scuba crepe,6,37.0,5010407,6,red0298scubacrepe
5010407,red #0298 scuba crepe,8,13.0,5010407,8,red0298scubacrepe
5010407,red #0298 scuba crepe,10,-6.0,5010407,10,red0298scubacrepe
5010407,red #0298 scuba crepe,12,-10.0,5010407,12,red0298scubacrepe
5010407,red #0298 scuba crepe,14,-7.0,5010407,14,red0298scubacrepe
5010407,red #0298 scuba crepe,16,-1.0,5010407,16,red0298scubacrepe
5020055,BLACK,6,136.0,5020055,6,black
5020055,BLACK,8,88.0,5020055,8,black
5020055,BLACK,10,-2.0,5020055,10,black
5020055,BLACK,12,107.0,5020055,12,black
5020055,BLACK,14,196.0,5020055,14,black
5020055,BLACK,16,205.0,5020055,16,black
5020055,CLAY,6,-1.0,5020055,6,clay
5020055,CLAY,8,-17.0,5020055,8,clay
5020055,CLAY,10,-22.0,5020055,10,clay
5020055,CLAY,12,0.0,5020055,12,clay
5020055,CLAY,14,0.0,5020055,14,clay
5020055,CLAY,16,-21.0,5020055,16,clay
5020055,DARK GREY,6,100.0,5020055,6,darkgrey
5020055,DARK GREY,8,84.0,5020055,8,darkgrey
5020055,DARK GREY,10,76.0,5020055,10,darkgrey
5020055,DARK GREY,12,83.0,5020055,12,darkgrey
5020055,DARK GREY,14,80.0,5020055,14,darkgrey
5020055,DARK GREY,16,100.0,5020055,16,darkgrey
5020055,Denim,S,475.0,5020055,S,denim
5020055,Denim,M,953.0,5020055,M,denim
5020055,Denim,L,955.0,5020055,L,denim
5020055,Denim,XL,486.0,5020055,XL,denim
5020055,DUSTY BLUE,6,23.0,5020055,6,dustyblue
5020055,DUSTY BLUE,8,-9.0,5020055,8,dustyblue
5020055,DUSTY BLUE,10,-22.0,5020055,10,dustyblue
5020055,DUSTY BLUE,12,-18.0,5020055,12,dustyblue
5020055,DUSTY BLUE,14,-24.0,5020055,14,dustyblue
5020055,DUSTY BLUE,16,-14.0,5020055,16,dustyblue
5020055,FOREST,6,131.0,5020055,6,forest
5020055,FOREST,8,130.0,5020055,8,forest
5020055,FOREST,10,132.0,5020055,10,forest
5020055,FOREST,12,123.0,5020055,12,forest
5020055,FOREST,14,124.0,5020055,14,forest
5020055,FOREST,16,121.0,5020055,16,forest
5020055,GARNET,6,52.0,5020055,6,garnet
5020055,GARNET,8,27.0,5020055,8,garnet
5020055,GARNET,10,10.0,5020055,10,garnet
5020055,GARNET,12,1.0,5020055,12,garnet
5020055,GARNET,14,-16.0,5020055,14,garnet
5020055,GARNET,16,2.0,5020055,16,garnet
5020055,GOLD,6,-2.0,5020055,6,gold
5020055,GOLD,8,10.0,5020055,8,gold
5020055,GOLD,14,10.0,5020055,14,gold
5020055,GOLD,16,-8.0,5020055,16,gold
5020055,GOLD,12,17.0,5020055,12,gold
5020055,GOLD,10,21.0,5020055,10,gold
5020055,INK,6,122.0,5020055,6,ink
5020055,INK,8,96.0,5020055,8,ink
5020055,INK,10,82.0,5020055,10,ink
5020055,INK,12,42.0,5020055,12,ink
5020055,INK,14,49.0,5020055,14,ink
5020055,INK,16,78.0,5020055,16,ink
5020055,JL CHESNUT,6,86.0,5020055,6,jlchesnut
5020055,JL CHESNUT,8,66.0,5020055,8,jlchesnut
5020055,JL CHESNUT,10,69.0,5020055,10,jlchesnut
5020055,JL CHESNUT,12,63.0,5020055,12,jlchesnut
5020055,JL CHESNUT,14,65.0,5020055,14,jlchesnut
5020055,JL CHESNUT,16,80.0,5020055,16,jlchesnut
5020055,JL SAGE,6,30.0,5020055,6,jlsage
5020055,JL SAGE,8,33.0,5020055,8,jlsage
5020055,JL SAGE,10,75.0,5020055,10,jlsage
5020055,JL SAGE,12,75.0,5020055,12,jlsage
5020055,JL SAGE,14,83.0,5020055,14,jlsage
5020055,JL SAGE,16,38.0,5020055,16,jlsage
5020055,JL SPICE,6,88.0,5020055,6,jlspice
5020055,JL SPICE,8,87.0,5020055,8,jlspice
5020055,JL SPICE,10,129.0,5020055,10,jlspice
5020055,JL SPICE,12,131.0,5020055,12,jlspice
5020055,JL SPICE,14,130.0,5020055,14,jlspice
5020055,JL SPICE,16,88.0,5020055,16,jlspice
5020055,JL THUNDER,6,39.0,5020055,6,jlthunder
5020055,JL THUNDER,8,36.0,5020055,8,jlthunder
5020055,JL THUNDER,10,35.0,5020055,10,jlthunder
5020055,JL THUNDER,12,22.0,5020055,12,jlthunder
5020055,JL THUNDER,14,22.0,5020055,14,jlthunder
5020055,JL THUNDER,16,42.0,5020055,16,jlthunder
5020055,LILAC,6,108.0,5020055,6,lilac
5020055,LILAC,8,111.0,5020055,8,lilac
5020055,LILAC,10,153.0,5020055,10,lilac
5020055,LILAC,12,154.0,5020055,12,lilac
5020055,LILAC,14,157.0,5020055,14,lilac
5020055,LILAC,16,112.0,5020055,16,lilac
5020055,MAUVE,6,9.0,5020055,6,mauve
5020055,MAUVE,8,-13.0,5020055,8,mauve
5020055,MAUVE,10,-5.0,5020055,10,mauve
5020055,MAUVE,12,-4.0,5020055,12,mauve
5020055,MAUVE,14,6.0,5020055,14,mauve
5020055,MAUVE,16,19.0,5020055,16,mauve
5020055,OLIVE,6,114.0,5020055,6,olive
5020055,OLIVE,8,152.0,5020055,8,olive
5020055,OLIVE,10,12.0,5020055,10,olive
5020055,OLIVE,12,-17.0,5020055,12,olive
5020055,OLIVE,14,84.0,5020055,14,olive
5020055,OLIVE,16,82.0,5020055,16,olive
5020055,PAPRIKA,6,0.0,5020055,6,paprika
5020055,PAPRIKA,8,35.0,5020055,8,paprika
5020055,PAPRIKA,10,28.0,5020055,10,paprika
5020055,PAPRIKA,12,25.0,5020055,12,paprika
5020055,PAPRIKA,14,-3.0,5020055,14,paprika
5020055,PAPRIKA,16,-6.0,5020055,16,paprika
5020055,PEACH SKIN,6,30.0,5020055,6,peachskin
5020055,PEACH SKIN,8,10.0,5020055,8,peachskin
5020055,PEACH SKIN,10,-21.0,5020055,10,peachskin
5020055,PEACH SKIN,12,-17.0,5020055,12,peachskin
5020055,PEACH SKIN,14,-26.0,5020055,14,peachskin
5020055,PEACH SKIN,16,0.0,5020055,16,peachskin
5020055,PINK KISS,6,43.0,5020055,6,pinkkiss
5020055,PINK KISS,8,41.0,5020055,8,pinkkiss
5020055,PINK KISS,10,42.0,5020055,10,pinkkiss
5020055,PINK KISS,12,40.0,5020055,12,pinkkiss
5020055,PINK KISS,14,43.0,5020055,14,pinkkiss
5020055,PINK KISS,16,42.0,5020055,16,pinkkiss
5020055,PURPLE HEATHER,6,35.0,5020055,6,pureheather
5020055,PURPLE HEATHER,8,13.0,5020055,8,pureheather
5020055,PURPLE HEATHER,10,-3.0,5020055,10,pureheather
5020055,PURPLE HEATHER,12,1.0,5020055,12,pureheather
5020055,PURPLE HEATHER,14,15.0,5020055,14,pureheather
5020055,PURPLE HEATHER,16,1.0,5020055,16,pureheather
5020055,SEAFOG,6,102.0,5020055,6,seafog
5020055,SEAFOG,8,65.0,5020055,8,seafog
5020055,SEAFOG,10,64.0,5020055,10,seafog
5020055,SEAFOG,12,59.0,5020055,12,seafog
5020055,SEAFOG,14,74.0,5020055,14,seafog
5020055,SEAFOG,16,96.0,5020055,16,seafog
5020055,SORBET,6,29.0,5020055,6,sorbet
5020055,SORBET,8,36.0,5020055,8,sorbet
5020055,SORBET,10,80.0,5020055,10,sorbet
5020055,SORBET,12,80.0,5020055,12,sorbet
5020055,SORBET,14,82.0,5020055,14,sorbet
5020055,SORBET,16,35.0,5020055,16,sorbet
5020055,TIBETAN RED,6,44.0,5020055,6,tibetanred
5020055,TIBETAN RED,8,45.0,5020055,8,tibetanred
5020055,TIBETAN RED,10,42.0,5020055,10,tibetanred
5020055,TIBETAN RED,12,39.0,5020055,12,tibetanred
5020055,TIBETAN RED,14,40.0,5020055,14,tibetanred
5020055,TIBETAN RED,16,44.0,5020055,16,tibetanred
5020055,TOFFEE,6,18.0,5020055,6,toffee
5020055,TOFFEE,8,1.0,5020055,8,toffee
5020055,TOFFEE,10,15.0,5020055,10,toffee
5020055,TOFFEE,12,-5.0,5020055,12,toffee
5020055,TOFFEE,14,0.0,5020055,14,toffee
5020055,TOFFEE,16,7.0,5020055,16,toffee
5020055,VIVA MIEGGNTA,6,42.0,5020055,6,vivamieggnta
5020055,VIVA MIEGGNTA,8,31.0,5020055,8,vivamieggnta
5020055,VIVA MIEGGNTA,10,20.0,5020055,10,vivamieggnta
5020055,VIVA MIEGGNTA,12,12.0,5020055,12,vivamieggnta
5020055,VIVA MIEGGNTA,14,27.0,5020055,14,vivamieggnta
5020055,VIVA MIEGGNTA,16,24.0,5020055,16,vivamieggnta
5020055,white,6,123.0,5020055,6,white
5020055,white,8,95.0,5020055,8,white
5020055,white,10,78.0,5020055,10,white
5020055,white,12,99.0,5020055,12,white
5020055,white,14,105.0,5020055,14,white
5020055,white,16,113.0,5020055,16,white
5020066,Bachelor Button,S,76.0,5020066,S,bachelorbutton
5020066,Bachelor Button,M,50.0,5020066,M,bachelorbutton
5020066,Bachelor Button,L,78.0,5020066,L,bachelorbutton
5020066,BLACK,S,120.0,5020066,S,black
5020066,BLACK,M,164.0,5020066,M,black
5020066,BLACK,L,98.0,5020066,L,black
5020066,BLACK,XL,111.0,5020066,XL,black
5020066,Dazzling Blue,S,104.0,5020066,S,dazzlingblue
5020066,Dazzling Blue,M,67.0,5020066,M,dazzlingblue
5020066,Dazzling Blue,L,41.0,5020066,L,dazzlingblue
5020066,Dazzling Blue,XL,57.0,5020066,XL,dazzlingblue
5020066,Living Coral,S,187.0,5020066,S,livingcoral
5020066,Living Coral,M,98.0,5020066,M,livingcoral
5020066,Living Coral,L,103.0,5020066,L,livingcoral
5020066,Living Coral,XL,98.0,5020066,XL,livingcoral
5020066,NILE,S,186.0,5020066,S,nile
5020066,NILE,M,50.0,5020066,M,nile
5020066,NILE,L,43.0,5020066,L,nile
5020066,NILE,XL,56.0,5020066,XL,nile
5020066,OYSTER,S,50.0,5020066,S,oyster
5020066,OYSTER,M,50.0,5020066,M,oyster
5020066,OYSTER,L,50.0,5020066,L,oyster
5020066,OYSTER,XL,50.0,5020066,XL,oyster
5020066,Pink Yarrow,S,174.0,5020066,S,pinkyarrow
5020066,Pink Yarrow,M,99.0,5020066,M,pinkyarrow
5020066,Pink Yarrow,L,117.0,5020066,L,pinkyarrow
5020066,Pink Yarrow,XL,112.0,5020066,XL,pinkyarrow
5020066,Prisim Pink,S,89.0,5020066,S,prisimpink
5020066,Prisim Pink,M,53.0,5020066,M,prisimpink
5020066,Prisim Pink,L,71.0,5020066,L,prisimpink
5020066,Prisim Pink,XL,71.0,5020066,XL,prisimpink
5020066,Seafoam,S,85.0,5020066,S,seafoam
5020066,Seafoam,M,67.0,5020066,M,seafoam
5020066,Seafoam,L,28.0,5020066,L,seafoam
5020066,Seafoam,XL,58.0,5020066,XL,seafoam
5020066,Silver,S,44.0,5020066,S,silver
5020066,Silver,M,29.0,5020066,M,silver
5020066,Silver,L,0.0,5020066,L,silver
5020066,Silver,XL,-4.0,5020066,XL,silver
5020066,Skivvy Pink,S,58.0,5020066,S,skivvypink
5020066,Skivvy Pink,M,45.0,5020066,M,skivvypink
5020066,Skivvy Pink,L,35.0,5020066,L,skivvypink
5020066,Skivvy Pink,XL,49.0,5020066,XL,skivvypink
5020066,Stone,S,77.0,5020066,S,stone
5020066,Stone,M,25.0,5020066,M,stone
5020066,Stone,L,-10.0,5020066,L,stone
5020066,Stone,XL,-4.0,5020066,XL,stone
5020066,Summer Green,S,89.0,5020066,S,summergreen
5020066,Summer Green,M,63.0,5020066,M,summergreen
5020066,Summer Green,L,-5.0,5020066,L,summergreen
5020066,Summer Green,XL,88.0,5020066,XL,summergreen
5020066,Sunlight,S,64.0,5020066,S,sunlight
5020066,Sunlight,M,49.0,5020066,M,sunlight
5020066,Sunlight,L,116.0,5020066,L,sunlight
5020066,Sunlight,XL,113.0,5020066,XL,sunlight
5020066,WHITE,S,110.0,5020066,S,white
5020066,WHITE,M,177.0,5020066,M,white
5020066,WHITE,L,164.0,5020066,L,white
5020066,WHITE,XL,155.0,5020066,XL,white
5020069,Bachelor Button,S,-2.0,5020069,S,bachelorbutton
5020069,Bachelor Button,M,5.0,5020069,M,bachelorbutton
5020069,Bachelor Button,L,-11.0,5020069,L,bachelorbutton
5020069,Bachelor Button,XL,-96.0,5020069,XL,bachelorbutton
5020069,BLACK,S,215.0,5020069,S,black
5020069,BLACK,M,92.0,5020069,M,black
5020069,BLACK,L,247.0,5020069,L,black
5020069,BLACK,XL,258.0,5020069,XL,black
5020069,Dazzling Blue,S,26.0,5020069,S,dazzlingblue
5020069,Dazzling Blue,M,-20.0,5020069,M,dazzlingblue
5020069,Dazzling Blue,L,-36.0,5020069,L,dazzlingblue
5020069,Dazzling Blue,XL,-12.0,5020069,XL,dazzlingblue
5020069,DEEP NAVY,S,100.0,5020069,S,deepnavy
5020069,DEEP NAVY,M,100.0,5020069,M,deepnavy
5020069,DEEP NAVY,L,200.0,5020069,L,deepnavy
5020069,DEEP NAVY,XL,200.0,5020069,XL,deepnavy
5020069,Living Coral,S,52.0,5020069,S,livingcoral
5020069,Living Coral,M,-18.0,5020069,M,livingcoral
5020069,Living Coral,L,-14.0,5020069,L,livingcoral
5020069,Living Coral,XL,4.0,5020069,XL,livingcoral
5020069,NILE,S,31.0,5020069,S,nile
5020069,NILE,M,-23.0,5020069,M,nile
5020069,NILE,L,-11.0,5020069,L,nile
5020069,NILE,XL,-6.0,5020069,XL,nile
5020069,Pink Yarrow,S,35.0,5020069,S,pinkyarrow
5020069,Pink Yarrow,M,-20.0,5020069,M,pinkyarrow
5020069,Pink Yarrow,L,-8.0,5020069,L,pinkyarrow
5020069,Pink Yarrow,XL,-6.0,5020069,XL,pinkyarrow
5020069,Prisim Pink,S,29.0,5020069,S,prisimpink
5020069,Prisim Pink,M,-21.0,5020069,M,prisimpink
5020069,Prisim Pink,L,-48.0,5020069,L,prisimpink
5020069,Prisim Pink,XL,-19.0,5020069,XL,prisimpink
5020069,Seafoam,S,36.0,5020069,S,seafoam
5020069,Seafoam,M,-39.0,5020069,M,seafoam
5020069,Seafoam,L,-13.0,5020069,L,seafoam
5020069,Seafoam,XL,-11.0,5020069,XL,seafoam
5020069,Silver,S,133.0,5020069,S,silver
5020069,Silver,M,79.0,5020069,M,silver
5020069,Silver,L,105.0,5020069,L,silver
5020069,Silver,XL,176.0,5020069,XL,silver
5020069,Skivvy Pink,S,159.0,5020069,S,skivvypink
5020069,Skivvy Pink,M,144.0,5020069,M,skivvypink
5020069,Skivvy Pink,L,248.0,5020069,L,skivvypink
5020069,Skivvy Pink,XL,248.0,5020069,XL,skivvypink
5020069,Stone,S,133.0,5020069,S,stone
5020069,Stone,M,76.0,5020069,M,stone
5020069,Stone,L,151.0,5020069,L,stone
5020069,Stone,XL,170.0,5020069,XL,stone
5020069,Summer Green,S,41.0,5020069,S,summergreen
5020069,Summer Green,M,17.0,5020069,M,summergreen
5020069,Summer Green,L,13.0,5020069,L,summergreen
5020069,Summer Green,XL,8.0,5020069,XL,summergreen
5020069,Sunlight,S,52.0,5020069,S,sunlight
5020069,Sunlight,M,22.0,5020069,M,sunlight
5020069,Sunlight,L,23.0,5020069,L,sunlight
5020069,Sunlight,XL,36.0,5020069,XL,sunlight
5020069,WHITE,S,187.0,5020069,S,white
5020069,WHITE,M,25.0,5020069,M,white
5020069,WHITE,L,190.0,5020069,L,white
5020069,WHITE,XL,240.0,5020069,XL,white
5020070,BLACK,S,206.0,5020070,S,black
5020070,BLACK,M,225.0,5020070,M,black
5020070,BLACK,L,208.0,5020070,L,black
5020070,BLACK,XL,187.0,5020070,XL,black
5020070,FUSCHIA,S,64.0,5020070,S,fuschia
5020070,FUSCHIA,M,129.0,5020070,M,fuschia
5020070,FUSCHIA,L,123.0,5020070,L,fuschia
5020070,FUSCHIA,XL,99.0,5020070,XL,fuschia
5020070,Living Coral,S,26.0,5020070,S,livingcoral
5020070,Living Coral,M,87.0,5020070,M,livingcoral
5020070,Living Coral,L,67.0,5020070,L,livingcoral
5020070,Living Coral,XL,37.0,5020070,XL,livingcoral
5020070,Pink Yarrow,S,-9.0,5020070,S,pinkyarrow
5020070,Pink Yarrow,M,-22.0,5020070,M,pinkyarrow
5020070,Pink Yarrow,L,-27.0,5020070,L,pinkyarrow
5020070,Pink Yarrow,XL,-38.0,5020070,XL,pinkyarrow
5020070,Silver,S,109.0,5020070,S,silver
5020070,Silver,M,113.0,5020070,M,silver
5020070,Silver,L,214.0,5020070,L,silver
5020070,Silver,XL,341.0,5020070,XL,silver
5020070,Skivvy Pink,S,-53.0,5020070,S,skivvypink
5020070,Skivvy Pink,M,-108.0,5020070,M,skivvypink
5020070,Skivvy Pink,L,-194.0,5020070,L,skivvypink
5020070,Skivvy Pink,XL,-102.0,5020070,XL,skivvypink
5020070,Summer Green,S,13.0,5020070,S,summergreen
5020070,Summer Green,M,45.0,5020070,M,summergreen
5020070,Summer Green,L,25.0,5020070,L,summergreen
5020070,Summer Green,XL,-5.0,5020070,XL,summergreen
5020070,WHITE,S,22.0,5020070,S,white
5020070,WHITE,M,24.0,5020070,M,white
5020070,WHITE,L,-13.0,5020070,L,white
5020070,WHITE,XL,-12.0,5020070,XL,white
5020071,Bachelor Button,S,-15.0,5020071,S,bachelorbutton
5020071,Bachelor Button,M,20.0,5020071,M,bachelorbutton
5020071,Bachelor Button,L,-14.0,5020071,L,bachelorbutton
5020071,Bachelor Button,XL,-30.0,5020071,XL,bachelorbutton
5020071,BLACK,S,20.0,5020071,S,black
5020071,BLACK,M,30.0,5020071,M,black
5020071,BLACK,L,10.0,5020071,L,black
5020071,BLACK,XL,-23.0,5020071,XL,black
5020071,Deep Blue Navy,S,6.0,5020071,S,deepbluenavy
5020071,Deep Blue Navy,M,-4.0,5020071,M,deepbluenavy
5020071,Deep Blue Navy,L,-20.0,5020071,L,deepbluenavy
5020071,Deep Blue Navy,XL,-34.0,5020071,XL,deepbluenavy
5020071,FUSCHIA,S,-2.0,5020071,S,fuschia
5020071,FUSCHIA,M,22.0,5020071,M,fuschia
5020071,FUSCHIA,L,16.0,5020071,L,fuschia
5020071,FUSCHIA,XL,-34.0,5020071,XL,fuschia
5020071,KHAKI,S,8.0,5020071,S,khaki
5020071,KHAKI,M,14.0,5020071,M,khaki
5020071,KHAKI,L,1.0,5020071,L,khaki
5020071,KHAKI,XL,-44.0,5020071,XL,khaki
5020071,Living Coral,S,7.0,5020071,S,livingcoral
5020071,Living Coral,M,15.0,5020071,M,livingcoral
5020071,Living Coral,L,22.0,5020071,L,livingcoral
5020071,Living Coral,XL,-34.0,5020071,XL,livingcoral
5020071,Pink Yarrow,S,26.0,5020071,S,pinkyarrow
5020071,Pink Yarrow,M,51.0,5020071,M,pinkyarrow
5020071,Pink Yarrow,L,44.0,5020071,L,pinkyarrow
5020071,Pink Yarrow,XL,14.0,5020071,XL,pinkyarrow
5020071,Prisim Pink,S,9.0,5020071,S,prisimpink
5020071,Prisim Pink,M,25.0,5020071,M,prisimpink
5020071,Prisim Pink,L,33.0,5020071,L,prisimpink
5020071,Prisim Pink,XL,-29.0,5020071,XL,prisimpink
5020071,Silver,S,9.0,5020071,S,silver
5020071,Silver,M,40.0,5020071,M,silver
5020071,Silver,L,35.0,5020071,L,silver
5020071,Silver,XL,-10.0,5020071,XL,silver
5020071,Skivvy Pink,S,14.0,5020071,S,skivvypink
5020071,Skivvy Pink,M,50.0,5020071,M,skivvypink
5020071,Skivvy Pink,L,44.0,5020071,L,skivvypink
5020071,Skivvy Pink,XL,2.0,5020071,XL,skivvypink
5020071,Summer Green,S,5.0,5020071,S,summergreen
5020071,Summer Green,M,23.0,5020071,M,summergreen
5020071,Summer Green,L,1.0,5020071,L,summergreen
5020071,Summer Green,XL,-18.0,5020071,XL,summergreen
5020071,WHITE,S,18.0,5020071,S,white
5020071,WHITE,M,42.0,5020071,M,white
5020071,WHITE,L,51.0,5020071,L,white
5020071,WHITE,XL,4.0,5020071,XL,white
5020090,BLACK,S,39.0,5020090,S,black
5020090,BLACK,M,4.0,5020090,M,black
5020090,BLACK,L,-19.0,5020090,L,black
5020090,BLACK,XL,21.0,5020090,XL,black
5020090,black snake skin,S,64.0,5020090,S,blacksnakeskin
5020090,black snake skin,M,128.0,5020090,M,blacksnakeskin
5020090,black snake skin,L,128.0,5020090,L,blacksnakeskin
5020090,black snake skin,XL,64.0,5020090,XL,blacksnakeskin
5020090,charcoal grey,S,64.0,5020090,S,charcoalgrey
5020090,charcoal grey,M,128.0,5020090,M,charcoalgrey
5020090,charcoal grey,L,128.0,5020090,L,charcoalgrey
5020090,charcoal grey,XL,64.0,5020090,XL,charcoalgrey
5020090,DENIM,S,3.0,5020090,S,denim
5020090,DENIM,M,-6.0,5020090,M,denim
5020090,DENIM,L,-17.0,5020090,L,denim
5020090,DENIM,XL,-17.0,5020090,XL,denim
5020090,grey,S,78.0,5020090,S,grey
5020090,grey,M,142.0,5020090,M,grey
5020090,grey,L,151.0,5020090,L,grey
5020090,grey,XL,59.0,5020090,XL,grey
5020090,grey white,S,16.0,5020090,S,greywhite
5020090,grey white,M,52.0,5020090,M,greywhite
5020090,grey white,L,55.0,5020090,L,greywhite
5020090,grey white,XL,25.0,5020090,XL,greywhite
5020090,H. BRICH,S,-10.0,5020090,S,hbrich
5020090,H. BRICH,M,-16.0,5020090,M,hbrich
5020090,H. BRICH,L,-17.0,5020090,L,hbrich
5020090,H. BRICH,XL,-27.0,5020090,XL,hbrich
5020090,H. BRUSH PINK,S,47.0,5020090,S,hbrushpink
5020090,H. BRUSH PINK,M,38.0,5020090,M,hbrushpink
5020090,H. BRUSH PINK,L,33.0,5020090,L,hbrushpink
5020090,H. BRUSH PINK,XL,35.0,5020090,XL,hbrushpink
5020090,H. PEARL,S,21.0,5020090,S,hpearl
5020090,H. PEARL,M,20.0,5020090,M,hpearl
5020090,H. PEARL,L,9.0,5020090,L,hpearl
5020090,H. PEARL,XL,28.0,5020090,XL,hpearl
5020090,INK,S,28.0,5020090,S,ink
5020090,INK,M,-26.0,5020090,M,ink
5020090,INK,L,-73.0,5020090,L,ink
5020090,INK,XL,-37.0,5020090,XL,ink
5020090,solid olive,S,64.0,5020090,S,solidolive
5020090,solid olive,M,128.0,5020090,M,solidolive
5020090,solid olive,L,128.0,5020090,L,solidolive
5020090,solid olive,XL,64.0,5020090,XL,solidolive
5020090,solid wine,S,64.0,5020090,S,solidwine
5020090,solid wine,M,128.0,5020090,M,solidwine
5020090,solid wine,L,128.0,5020090,L,solidwine
5020090,solid wine,XL,64.0,5020090,XL,solidwine
5020090,SURF,S,9.0,5020090,S,surf
5020090,SURF,M,1.0,5020090,M,surf
5020090,SURF,L,-39.0,5020090,L,surf
5020090,SURF,XL,-33.0,5020090,XL,surf
5020090,WINTER WHITE,S,44.0,5020090,S,winterwhite
5020090,WINTER WHITE,M,0.0,5020090,M,winterwhite
5020090,WINTER WHITE,L,-22.0,5020090,L,winterwhite
5020090,WINTER WHITE,XL,-35.0,5020090,XL,winterwhite
6020055,BLACK,6P,84.0,6020055,6P,black
6020055,BLACK,8P,184.0,6020055,8P,black
6020055,BLACK,10P,180.0,6020055,10P,black
6020055,BLACK,12P,183.0,6020055,12P,black
6020055,BLACK,14P,230.0,6020055,14P,black
6020055,BLACK,16P,181.0,6020055,16P,black
6020055,CLAY,6P,51.0,6020055,6P,clay
6020055,CLAY,8P,56.0,6020055,8P,clay
6020055,CLAY,10P,13.0,6020055,10P,clay
6020055,CLAY,12P,0.0,6020055,12P,clay
6020055,CLAY,14P,0.0,6020055,14P,clay
6020055,CLAY,16P,50.0,6020055,16P,clay
6020055,DUSTY BLUE,6P,50.0,6020055,6P,dustyblue
6020055,DUSTY BLUE,8P,51.0,6020055,8P,dustyblue
6020055,DUSTY BLUE,10P,34.0,6020055,10P,dustyblue
6020055,DUSTY BLUE,12P,0.0,6020055,12P,dustyblue
6020055,DUSTY BLUE,14P,38.0,6020055,14P,dustyblue
6020055,DUSTY BLUE,16P,62.0,6020055,16P,dustyblue
6020055,GARNET,6P,12.0,6020055,6P,garnet
6020055,GARNET,8P,28.0,6020055,8P,garnet
6020055,GARNET,10P,7.0,6020055,10P,garnet
6020055,GARNET,12P,93.0,6020055,12P,garnet
6020055,GARNET,14P,96.0,6020055,14P,garnet
6020055,GARNET,16P,104.0,6020055,16P,garnet
6020055,PEACH SKIN,6P,41.0,6020055,6P,peachskin
6020055,PEACH SKIN,8P,40.0,6020055,8P,peachskin
6020055,PEACH SKIN,10P,43.0,6020055,10P,peachskin
6020055,PEACH SKIN,12P,29.0,6020055,12P,peachskin
6020055,PEACH SKIN,14P,42.0,6020055,14P,peachskin
6020055,PEACH SKIN,16P,45.0,6020055,16P,peachskin
6020055,PURPLE HEATHER,6P,4.0,6020055,6P,pureheather
6020055,PURPLE HEATHER,8P,1.0,6020055,8P,pureheather
6020055,PURPLE HEATHER,10P,7.0,6020055,10P,pureheather
6020055,PURPLE HEATHER,12P,6.0,6020055,12P,pureheather
6020055,SEAFOG,6P,17.0,6020055,6P,seafog
6020055,SEAFOG,8P,15.0,6020055,8P,seafog
6020055,SEAFOG,10P,24.0,6020055,10P,seafog
6020055,SEAFOG,12P,15.0,6020055,12P,seafog
6020055,SEAFOG,14P,14.0,6020055,14P,seafog
6020055,SEAFOG,16P,24.0,6020055,16P,seafog
6020055,TOFFEE,6P,14.0,6020055,6P,toffee
6020055,TOFFEE,8P,0.0,6020055,8P,toffee
6020055,TOFFEE,10P,2.0,6020055,10P,toffee
6020055,TOFFEE,12P,-1.0,6020055,12P,toffee
6020055,TOFFEE,14P,6.0,6020055,14P,toffee
6020055,TOFFEE,16P,1.0,6020055,16P,toffee
6020055,VIVA MIEGGNTA,6P,40.0,6020055,6P,vivamieggnta
6020055,VIVA MIEGGNTA,8P,41.0,6020055,8P,vivamieggnta
6020055,VIVA MIEGGNTA,10P,39.0,6020055,10P,vivamieggnta
6020055,VIVA MIEGGNTA,12P,40.0,6020055,12P,vivamieggnta
6020055,VIVA MIEGGNTA,14P,37.0,6020055,14P,vivamieggnta
6020055,VIVA MIEGGNTA,16P,42.0,6020055,16P,vivamieggnta
6020055,WHITE,6P,27.0,6020055,6P,white
6020055,WHITE,8P,26.0,6020055,8P,white
6020055,WHITE,10P,16.0,6020055,10P,white
6020055,WHITE,12P,21.0,6020055,12P,white
6020055,WHITE,14P,28.0,6020055,14P,white
6020055,WHITE,16P,32.0,6020055,16P,white
6020066,Bachelor Button,PS,34.0,6020066,PS,bachelorbutton
6020066,Bachelor Button,PM,35.0,6020066,PM,bachelorbutton
6020066,Bachelor Button,PL,31.0,6020066,PL,bachelorbutton
6020066,Bachelor Button,PXL,18.0,6020066,PXL,bachelorbutton
6020066,BLACK,PS,19.0,6020066,PS,black
6020066,BLACK,PM,10.0,6020066,PM,black
6020066,BLACK,PL,5.0,6020066,PL,black
6020066,BLACK,PXL,23.0,6020066,PXL,black
6020066,Dazzling Blue,PS,40.0,6020066,PS,dazzlingblue
6020066,Dazzling Blue,PM,25.0,6020066,PM,dazzlingblue
6020066,Dazzling Blue,PL,17.0,6020066,PL,dazzlingblue
6020066,Dazzling Blue,PXL,36.0,6020066,PXL,dazzlingblue
6020066,Living Coral,PS,37.0,6020066,PS,livingcoral
6020066,Living Coral,PM,16.0,6020066,PM,livingcoral
6020066,Living Coral,PL,-4.0,6020066,PL,livingcoral
6020066,Living Coral,PXL,28.0,6020066,PXL,livingcoral
6020066,NILE,PS,51.0,6020066,PS,nile
6020066,NILE,PM,33.0,6020066,PM,nile
6020066,NILE,PL,32.0,6020066,PL,nile
6020066,NILE,PXL,46.0,6020066,PXL,nile
6020066,Pink Yarrow,PS,33.0,6020066,PS,pinkyarrow
6020066,Pink Yarrow,PM,3.0,6020066,PM,pinkyarrow
6020066,Pink Yarrow,PL,-32.0,6020066,PL,pinkyarrow
6020066,Pink Yarrow,PXL,35.0,6020066,PXL,pinkyarrow
6020066,Prisim Pink,PS,43.0,6020066,PS,prisimpink
6020066,Prisim Pink,PM,27.0,6020066,PM,prisimpink
6020066,Prisim Pink,PL,18.0,6020066,PL,prisimpink
6020066,Prisim Pink,PXL,44.0,6020066,PXL,prisimpink
6020066,Seafoam,PS,38.0,6020066,PS,seafoam
6020066,Seafoam,PM,26.0,6020066,PM,seafoam
6020066,Seafoam,PL,23.0,6020066,PL,seafoam
6020066,Seafoam,PXL,30.0,6020066,PXL,seafoam
6020066,Silver,PS,38.0,6020066,PS,silver
6020066,Silver,PM,24.0,6020066,PM,silver
6020066,Silver,PL,-4.0,6020066,PL,silver
6020066,Silver,PXL,26.0,6020066,PXL,silver
6020066,Skivvy Pink,PS,44.0,6020066,PS,skivvypink
6020066,Skivvy Pink,PM,42.0,6020066,PM,skivvypink
6020066,Skivvy Pink,PL,23.0,6020066,PL,skivvypink
6020066,Skivvy Pink,PXL,47.0,6020066,PXL,skivvypink
6020066,Stone,PS,41.0,6020066,PS,stone
6020066,Stone,PM,27.0,6020066,PM,stone
6020066,Stone,PL,15.0,6020066,PL,stone
6020066,Stone,PXL,25.0,6020066,PXL,stone
6020066,Summer Green,PS,44.0,6020066,PS,summergreen
6020066,Summer Green,PM,33.0,6020066,PM,summergreen
6020066,Summer Green,PL,21.0,6020066,PL,summergreen
6020066,Summer Green,PXL,50.0,6020066,PXL,summergreen
6020066,Sunlight,PS,40.0,6020066,PS,sunlight
6020066,Sunlight,PM,20.0,6020066,PM,sunlight
6020066,Sunlight,PL,6.0,6020066,PL,sunlight
6020066,Sunlight,PXL,33.0,6020066,PXL,sunlight
6020066,WHITE,PS,28.0,6020066,PS,white
6020066,WHITE,PM,30.0,6020066,PM,white
6020066,WHITE,PL,15.0,6020066,PL,white
6020066,WHITE,PXL,13.0,6020066,PXL,white
6020069,Bachelor Button,PS,34.0,6020069,PS,bachelorbutton
6020069,Bachelor Button,PM,37.0,6020069,PM,bachelorbutton
6020069,Bachelor Button,PL,33.0,6020069,PL,bachelorbutton
6020069,Bachelor Button,PXL,54.0,6020069,PXL,bachelorbutton
6020069,BLACK,PS,21.0,6020069,PS,black
6020069,BLACK,PM,19.0,6020069,PM,black
6020069,BLACK,PL,13.0,6020069,PL,black
6020069,BLACK,PXL,31.0,6020069,PXL,black
6020069,Dazzling Blue,PS,34.0,6020069,PS,dazzlingblue
6020069,Dazzling Blue,PM,28.0,6020069,PM,dazzlingblue
6020069,Dazzling Blue,PL,22.0,6020069,PL,dazzlingblue
6020069,Dazzling Blue,PXL,44.0,6020069,PXL,dazzlingblue
6020069,Living Coral,PS,31.0,6020069,PS,livingcoral
6020069,Living Coral,PM,27.0,6020069,PM,livingcoral
6020069,Living Coral,PL,29.0,6020069,PL,livingcoral
6020069,Living Coral,PXL,40.0,6020069,PXL,livingcoral
6020069,NILE,PS,45.0,6020069,PS,nile
6020069,NILE,PM,38.0,6020069,PM,nile
6020069,NILE,PL,42.0,6020069,PL,nile
6020069,NILE,PXL,62.0,6020069,PXL,nile
6020069,Pink Yarrow,PS,25.0,6020069,PS,pinkyarrow
6020069,Pink Yarrow,PM,38.0,6020069,PM,pinkyarrow
6020069,Pink Yarrow,PL,24.0,6020069,PL,pinkyarrow
6020069,Pink Yarrow,PXL,50.0,6020069,PXL,pinkyarrow
6020069,Prisim Pink,PS,39.0,6020069,PS,prisimpink
6020069,Prisim Pink,PM,35.0,6020069,PM,prisimpink
6020069,Prisim Pink,PL,29.0,6020069,PL,prisimpink
6020069,Prisim Pink,PXL,49.0,6020069,PXL,prisimpink
6020069,Seafoam,PS,36.0,6020069,PS,seafoam
6020069,Seafoam,PM,38.0,6020069,PM,seafoam
6020069,Seafoam,PL,34.0,6020069,PL,seafoam
6020069,Seafoam,PXL,40.0,6020069,PXL,seafoam
6020069,Silver,PS,24.0,6020069,PS,silver
6020069,Silver,PM,19.0,6020069,PM,silver
6020069,Silver,PL,15.0,6020069,PL,silver
6020069,Silver,PXL,40.0,6020069,PXL,silver
6020069,Skivvy Pink,PS,36.0,6020069,PS,skivvypink
6020069,Skivvy Pink,PM,48.0,6020069,PM,skivvypink
6020069,Skivvy Pink,PL,35.0,6020069,PL,skivvypink
6020069,Skivvy Pink,PXL,48.0,6020069,PXL,skivvypink
6020069,Stone,PS,39.0,6020069,PS,stone
6020069,Stone,PM,40.0,6020069,PM,stone
6020069,Stone,PL,28.0,6020069,PL,stone
6020069,Stone,PXL,47.0,6020069,PXL,stone
6020069,Summer Green,PS,25.0,6020069,PS,summergreen
6020069,Summer Green,PM,20.0,6020069,PM,summergreen
6020069,Summer Green,PL,24.0,6020069,PL,summergreen
6020069,Summer Green,PXL,26.0,6020069,PXL,summergreen
6020069,Sunlight,PS,40.0,6020069,PS,sunlight
6020069,Sunlight,PM,43.0,6020069,PM,sunlight
6020069,Sunlight,PL,44.0,6020069,PL,sunlight
6020069,Sunlight,PXL,46.0,6020069,PXL,sunlight
6020069,WHITE,PS,34.0,6020069,PS,white
6020069,WHITE,PM,26.0,6020069,PM,white
6020069,WHITE,PL,21.0,6020069,PL,white
6020069,WHITE,PXL,42.0,6020069,PXL,white
6020090,grey,PS,24.0,6020090,PS,grey
6020090,grey,PM,28.0,6020090,PM,grey
6020090,grey,PL,28.0,6020090,PL,grey
6020090,grey,PXL,24.0,6020090,PXL,grey
6020090,white,PS,200.0,6020090,PS,white
6020090,white,PM,400.0,6020090,PM,white
6020090,white,PL,400.0,6020090,PL,white
6020090,white,PXL,200.0,6020090,PXL,white
6040053,Cyprus Olive,PS,641.0,6040053,PS,cyprusolive
6040053,Cyprus Olive,PM,1289.0,6040053,PM,cyprusolive
6040053,Cyprus Olive,PL,1287.0,6040053,PL,cyprusolive
6040053,Cyprus Olive,PXL,645.0,6040053,PXL,cyprusolive
6040053,Pink Peacock,PS,62.0,6040053,PS,pinkpeacock
6040053,Pink Peacock,PM,122.0,6040053,PM,pinkpeacock
6040053,Pink Peacock,PL,119.0,6040053,PL,pinkpeacock
6040053,Pink Peacock,PXL,64.0,6040053,PXL,pinkpeacock
7020055,BLACK,14W,93.0,7020055,14W,black
7020055,BLACK,16W,135.0,7020055,16W,black
7020055,BLACK,18W,131.0,7020055,18W,black
7020055,BLACK,20W,130.0,7020055,20W,black
7020055,BLACK,22W,48.0,7020055,22W,black
7020055,BLACK,24W,98.0,7020055,24W,black
7020055,CLAY,14W,23.0,7020055,14W,clay
7020055,CLAY,16W,10.0,7020055,16W,clay
7020055,CLAY,18W,14.0,7020055,18W,clay
7020055,CLAY,20W,21.0,7020055,20W,clay
7020055,CLAY,22W,25.0,7020055,22W,clay
7020055,CLAY,24W,26.0,7020055,24W,clay
7020055,DUSTY BLUE,14W,26.0,7020055,14W,dustyblue
7020055,DUSTY BLUE,16W,14.0,7020055,16W,dustyblue
7020055,DUSTY BLUE,18W,8.0,7020055,18W,dustyblue
7020055,DUSTY BLUE,20W,19.0,7020055,20W,dustyblue
7020055,DUSTY BLUE,22W,30.0,7020055,22W,dustyblue
7020055,DUSTY BLUE,24W,27.0,7020055,24W,dustyblue
7020055,GARNET,14W,13.0,7020055,14W,garnet
7020055,GARNET,16W,7.0,7020055,16W,garnet
7020055,GARNET,18W,1.0,7020055,18W,garnet
7020055,GARNET,20W,30.0,7020055,20W,garnet
7020055,GARNET,22W,42.0,7020055,22W,garnet
7020055,GARNET,24W,44.0,7020055,24W,garnet
7020055,PEACH SKIN,14W,51.0,7020055,14W,peachskin
7020055,PEACH SKIN,16W,47.0,7020055,16W,peachskin
7020055,PEACH SKIN,18W,42.0,7020055,18W,peachskin
7020055,PEACH SKIN,20W,51.0,7020055,20W,peachskin
7020055,PEACH SKIN,22W,50.0,7020055,22W,peachskin
7020055,PEACH SKIN,24W,50.0,7020055,24W,peachskin
7020055,SEAFOG,14W,38.0,7020055,14W,seafog
7020055,SEAFOG,16W,31.0,7020055,16W,seafog
7020055,SEAFOG,18W,22.0,7020055,18W,seafog
7020055,SEAFOG,20W,38.0,7020055,20W,seafog
7020055,SEAFOG,22W,31.0,7020055,22W,seafog
7020055,SEAFOG,24W,40.0,7020055,24W,seafog
7020055,VIVA MIEGGNTA,14W,42.0,7020055,14W,vivamieggnta
7020055,VIVA MIEGGNTA,16W,36.0,7020055,16W,vivamieggnta
7020055,VIVA MIEGGNTA,18W,33.0,7020055,18W,vivamieggnta
7020055,VIVA MIEGGNTA,20W,39.0,7020055,20W,vivamieggnta
7020055,VIVA MIEGGNTA,22W,41.0,7020055,22W,vivamieggnta
7020055,VIVA MIEGGNTA,24W,45.0,7020055,24W,vivamieggnta
7020055,white,14W,44.0,7020055,14W,white
7020055,white,16W,24.0,7020055,16W,white
7020055,white,18W,29.0,7020055,18W,white
7020055,white,20W,37.0,7020055,20W,white
7020055,white,22W,37.0,7020055,22W,white
7020055,white,24W,48.0,7020055,24W,white
7020066,Bachelor Button,1X,26.0,7020066,1X,bachelorbutton
7020066,Bachelor Button,2X,20.0,7020066,2X,bachelorbutton
7020066,Bachelor Button,3X,19.0,7020066,3X,bachelorbutton
7020066,BLACK,1X,-5.0,7020066,1X,black
7020066,BLACK,2X,0.0,7020066,2X,black
7020066,BLACK,3X,0.0,7020066,3X,black
7020066,Dazzling Blue,1X,38.0,7020066,1X,dazzlingblue
7020066,Dazzling Blue,2X,31.0,7020066,2X,dazzlingblue
7020066,Dazzling Blue,3X,22.0,7020066,3X,dazzlingblue
7020066,Living Coral,1X,0.0,7020066,1X,livingcoral
7020066,Living Coral,2X,-10.0,7020066,2X,livingcoral
7020066,Living Coral,3X,-12.0,7020066,3X,livingcoral
7020066,navy,1X,47.0,7020066,1X,navy
7020066,navy,2X,22.0,7020066,2X,navy
7020066,navy,3X,8.0,7020066,3X,navy
7020066,NILE,1X,6.0,7020066,1X,nile
7020066,NILE,2X,-11.0,7020066,2X,nile
7020066,NILE,3X,-13.0,7020066,3X,nile
7020066,Pink Yarrow,1X,-7.0,7020066,1X,pinkyarrow
7020066,Pink Yarrow,2X,1.0,7020066,2X,pinkyarrow
7020066,Pink Yarrow,3X,-5.0,7020066,3X,pinkyarrow
7020066,Prisim Pink,1X,22.0,7020066,1X,prisimpink
7020066,Prisim Pink,2X,10.0,7020066,2X,prisimpink
7020066,Prisim Pink,3X,9.0,7020066,3X,prisimpink
7020066,Seafoam,1X,23.0,7020066,1X,seafoam
7020066,Seafoam,2X,11.0,7020066,2X,seafoam
7020066,Seafoam,3X,10.0,7020066,3X,seafoam
7020066,Silver,1X,23.0,7020066,1X,silver
7020066,Silver,2X,0.0,7020066,2X,silver
7020066,Silver,3X,9.0,7020066,3X,silver
7020066,Skivvy Pink,1X,25.0,7020066,1X,skivvypink
7020066,Skivvy Pink,2X,1.0,7020066,2X,skivvypink
7020066,Skivvy Pink,3X,9.0,7020066,3X,skivvypink
7020066,Stone,1X,0.0,7020066,1X,stone
7020066,Stone,2X,-4.0,7020066,2X,stone
7020066,Stone,3X,1.0,7020066,3X,stone
7020066,Summer Green,1X,20.0,7020066,1X,summergreen
7020066,Summer Green,2X,-1.0,7020066,2X,summergreen
7020066,Summer Green,3X,20.0,7020066,3X,summergreen
7020066,Sunlight,1X,10.0,7020066,1X,sunlight
7020066,Sunlight,2X,-3.0,7020066,2X,sunlight
7020066,Sunlight,3X,5.0,7020066,3X,sunlight
7020066,WHITE,1X,23.0,7020066,1X,white
7020066,WHITE,2X,-9.0,7020066,2X,white
7020066,WHITE,3X,2.0,7020066,3X,white
7020069,Bachelor Button,1X,7.0,7020069,1X,bachelorbutton
7020069,Bachelor Button,2X,-13.0,7020069,2X,bachelorbutton
7020069,Bachelor Button,3X,-16.0,7020069,3X,bachelorbutton
7020069,BLACK,1X,-42.0,7020069,1X,black
7020069,BLACK,2X,-51.0,7020069,2X,black
7020069,BLACK,3X,-56.0,7020069,3X,black
7020069,Dazzling Blue,1X,-7.0,7020069,1X,dazzlingblue
7020069,Dazzling Blue,2X,-63.0,7020069,2X,dazzlingblue
7020069,Dazzling Blue,3X,-39.0,7020069,3X,dazzlingblue
7020069,Living Coral,1X,-51.0,7020069,1X,livingcoral
7020069,Living Coral,2X,24.0,7020069,2X,livingcoral
7020069,Living Coral,3X,-19.0,7020069,3X,livingcoral
7020069,NILE,1X,12.0,7020069,1X,nile
7020069,NILE,2X,3.0,7020069,2X,nile
7020069,NILE,3X,-28.0,7020069,3X,nile
7020069,Pink Yarrow,1X,-6.0,7020069,1X,pinkyarrow
7020069,Pink Yarrow,2X,-12.0,7020069,2X,pinkyarrow
7020069,Pink Yarrow,3X,-16.0,7020069,3X,pinkyarrow
7020069,Prisim Pink,1X,11.0,7020069,1X,prisimpink
7020069,Prisim Pink,2X,0.0,7020069,2X,prisimpink
7020069,Prisim Pink,3X,4.0,7020069,3X,prisimpink
7020069,SEAFOAM,1X,-14.0,7020069,1X,seafoam
7020069,SEAFOAM,2X,-52.0,7020069,2X,seafoam
7020069,SEAFOAM,3X,-30.0,7020069,3X,seafoam
7020069,SILVER,1X,-16.0,7020069,1X,silver
7020069,SILVER,2X,1.0,7020069,2X,silver
7020069,SILVER,3X,-5.0,7020069,3X,silver
7020069,Skivvy Pink,1X,24.0,7020069,1X,skivvypink
7020069,Skivvy Pink,2X,22.0,7020069,2X,skivvypink
7020069,Skivvy Pink,3X,18.0,7020069,3X,skivvypink
7020069,Stone,1X,24.0,7020069,1X,stone
7020069,Stone,2X,12.0,7020069,2X,stone
7020069,Stone,3X,-9.0,7020069,3X,stone
7020069,SUNLIGHT,1X,23.0,7020069,1X,sunlight
7020069,SUNLIGHT,2X,5.0,7020069,2X,sunlight
7020069,SUNLIGHT,3X,22.0,7020069,3X,sunlight
7020069,WHITE,1X,7.0,7020069,1X,white
7020069,WHITE,2X,-37.0,7020069,2X,white
7020069,WHITE,3X,-29.0,7020069,3X,white
209042P,Rust(298 scuba crepe),S,138.0,209042,S,rust298scubacrepe
209042P,Rust(298 scuba crepe),M,273.0,209042,M,rust298scubacrepe
209042P,Rust(298 scuba crepe),L,274.0,209042,L,rust298scubacrepe
209042P,Rust(298 scuba crepe),XL,138.0,209042,XL,rust298scubacrepe
5010015-PETITE,BLACK,PS,100.0,5010015,PS,black
5010015-PETITE,BLACK,PM,100.0,5010015,PM,black
5010015-PETITE,BLACK,PL,100.0,5010015,PL,black
5010015-PETITE,BLACK,PXL,100.0,5010015,PXL,black
5010015-PETITE,BROWN,PS,69.0,5010015,PS,brown
5010015-PETITE,BROWN,PM,69.0,5010015,PM,brown
5010015-PETITE,BROWN,PL,69.0,5010015,PL,brown
5010015-PETITE,BROWN,PXL,69.0,5010015,PXL,brown
5010015-PETITE,DENIM,PS,100.0,5010015,PS,denim
5010015-PETITE,DENIM,PM,98.0,5010015,PM,denim
5010015-PETITE,DENIM,PL,100.0,5010015,PL,denim
5010015-PETITE,DENIM,PXL,100.0,5010015,PXL,denim
5010015-PETITE,JL TAN,PS,80.0,5010015,PS,jltan
5010015-PETITE,JL TAN,PM,80.0,5010015,PM,jltan
5010015-PETITE,JL TAN,PL,80.0,5010015,PL,jltan
5010015-PETITE,JL TAN,PXL,80.0,5010015,PXL,jltan
5010015-PETITE,NAVY,PS,50.0,5010015,PS,navy
5010015-PETITE,NAVY,PM,48.0,5010015,PM,navy
5010015-PETITE,NAVY,PL,50.0,5010015,PL,navy
5010015-PETITE,NAVY,PXL,50.0,5010015,PXL,navy
5010015-PETITE,OLIVE,PS,50.0,5010015,PS,olive
5010015-PETITE,OLIVE,PM,50.0,5010015,PM,olive
5010015-PETITE,OLIVE,PL,50.0,5010015,PL,olive
5010015-PETITE,OLIVE,PXL,50.0,5010015,PXL,olive
5010015-PETITE,RED CORAL,PS,50.0,5010015,PS,redcoral
5010015-PETITE,RED CORAL,PM,49.0,5010015,PM,redcoral
5010015-PETITE,RED CORAL,PL,50.0,5010015,PL,redcoral
5010015-PETITE,RED CORAL,PXL,50.0,5010015,PXL,redcoral
5010015-PETITE,WHITE,PS,100.0,5010015,PS,white
5010015-PETITE,WHITE,PM,100.0,5010015,PM,white
5010015-PETITE,WHITE,PL,100.0,5010015,PL,white
5010015-PETITE,WHITE,PXL,100.0,5010015,PXL,white
5010015-PETITE,WOOD PEACH,PS,59.0,5010015,PS,woodpeach
5010015-PETITE,WOOD PEACH,PM,59.0,5010015,PM,woodpeach
5010015-PETITE,WOOD PEACH,PL,59.0,5010015,PL,woodpeach
5010015-PETITE,WOOD PEACH,PXL,59.0,5010015,PXL,woodpeach
5010015-PETITE,WOOD ROSE,PS,50.0,5010015,PS,woodrose
5010015-PETITE,WOOD ROSE,PM,50.0,5010015,PM,woodrose
5010015-PETITE,WOOD ROSE,PL,50.0,5010015,PL,woodrose
5010015-PETITE,WOOD ROSE,PXL,50.0,5010015,PXL,woodrose
5010015-PLUS,BLACK,1X,25.0,5010015,1X,black
5010015-PLUS,BLACK,2X,25.0,5010015,2X,black
5010015-PLUS,BLACK,3X,9.0,5010015,3X,black
5010015-PLUS,BROWN,1X,0.0,5010015,1X,brown
5010015-PLUS,BROWN,2X,0.0,5010015,2X,brown
5010015-PLUS,BROWN,3X,0.0,5010015,3X,brown
5010015-PLUS,DENIM,1X,30.0,5010015,1X,denim
5010015-PLUS,DENIM,2X,24.0,5010015,2X,denim
5010015-PLUS,DENIM,3X,13.0,5010015,3X,denim
5010015-PLUS,DUSTY BLUE,1X,38.0,5010015,1X,dustyblue
5010015-PLUS,DUSTY BLUE,2X,36.0,5010015,2X,dustyblue
5010015-PLUS,DUSTY BLUE,3X,37.0,5010015,3X,dustyblue
5010015-PLUS,JL TAN,1X,73.0,5010015,1X,jltan
5010015-PLUS,JL TAN,2X,75.0,5010015,2X,jltan
5010015-PLUS,JL TAN,3X,65.0,5010015,3X,jltan
5010015-PLUS,JL TAN,1X,60.0,5010015,1X,jltan
5010015-PLUS,JL TAN,2X,59.0,5010015,2X,jltan
5010015-PLUS,JL TAN,3X,60.0,5010015,3X,jltan
5010015-PLUS,NAVY,1X,50.0,5010015,1X,navy
5010015-PLUS,NAVY,2X,50.0,5010015,2X,navy
5010015-PLUS,NAVY,3X,49.0,5010015,3X,navy
5010015-PLUS,OLIVE,1X,44.0,5010015,1X,olive
5010015-PLUS,OLIVE,2X,35.0,5010015,2X,olive
5010015-PLUS,OLIVE,3X,28.0,5010015,3X,olive
5010015-PLUS,RED,1X,583.0,5010015,1X,red
5010015-PLUS,RED,2X,367.0,5010015,2X,red
5010015-PLUS,RED,3X,171.0,5010015,3X,red
5010015-PLUS,RED CORAL,1X,43.0,5010015,1X,redcoral
5010015-PLUS,RED CORAL,2X,26.0,5010015,2X,redcoral
5010015-PLUS,RED CORAL,3X,32.0,5010015,3X,redcoral
5010015-PLUS,WHITE,1X,27.0,5010015,1X,white
5010015-PLUS,WHITE,2X,26.0,5010015,2X,white
5010015-PLUS,WHITE,3X,23.0,5010015,3X,white
5010015-PLUS,WOOD PEACH,1X,46.0,5010015,1X,woodpeach
5010015-PLUS,WOOD PEACH,2X,45.0,5010015,2X,woodpeach
5010015-PLUS,WOOD PEACH,3X,41.0,5010015,3X,woodpeach
5010015-PLUS,WOOD ROSE,1X,48.0,5010015,1X,woodrose
5010015-PLUS,WOOD ROSE,2X,44.0,5010015,2X,woodrose
5010015-PLUS,WOOD ROSE,3X,40.0,5010015,3X,woodrose
5010130 stock,BLACK,8,-14.0,5010130,8,black
5010130 stock,BLACK,10,-21.0,5010130,10,black
5010130 stock,BLACK,12,-43.0,5010130,12,black
5010130 stock,BLACK,14,-54.0,5010130,14,black
5010130 stock,BLACK,16,-30.0,5010130,16,black
5010130 stock,RED,8,-13.0,5010130,8,red
5010130 stock,RED,10,-35.0,5010130,10,red
5010130 stock,RED,12,-36.0,5010130,12,red
5010130 stock,RED,14,-48.0,5010130,14,red
5010130 stock,RED,16,-25.0,5010130,16,red
5040053P,Black White,S,-5.0,5040053,S,blackwhite
5040053P,Black White,M,-6.0,5040053,M,blackwhite
5040053P,Black White,L,-8.0,5040053,L,blackwhite
5040053P,Black White,XL,-4.0,5040053,XL,blackwhite
5040053P,Brown Royal,S,-3.0,5040053,S,brownroyal
5040053P,Brown Royal,M,-3.0,5040053,M,brownroyal
5040053P,Brown Royal,L,-3.0,5040053,L,brownroyal
5040053P,Brown Royal,XL,-2.0,5040053,XL,brownroyal
5040053P,Navy Plaid,S,-4.0,5040053,S,navyaid
5040053P,Navy Plaid,M,-3.0,5040053,M,navyaid
5040053P,Navy Plaid,L,-1.0,5040053,L,navyaid
5040053P,Navy Plaid,XL,-6.0,5040053,XL,navyaid
5640O,5126,XS,115.0,5640,XS,5126
5640O,5126,S,286.0,5640,S,5126
5640O,5126,M,340.0,5640,M,5126
5640O,5126,L,305.0,5640,L,5126
5640O,5126,XL,206.0,5640,XL,5126
5640O,5126,XXL,48.0,5640,XXL,5126
70281 (95445capri),#3455 white,1X,766.0,70281,1X,3455white
70281 (95445capri),#3455 white,2X,506.0,70281,2X,3455white
70281 (95445capri),#3455 white,3X,247.0,70281,3X,3455white
70281 (95445capri),light blue,1X,144.0,70281,1X,lightblue
70281 (95445capri),light blue,2X,96.0,70281,2X,lightblue
70281 (95445capri),light blue,3X,47.0,70281,3X,lightblue
80216P,PONTE SOLID HEATHER GREY,PS,46.0,80216,PS,pontesolidheathergrey
80216P,PONTE SOLID HEATHER GREY,PM,99.0,80216,PM,pontesolidheathergrey
80216P,PONTE SOLID HEATHER GREY,PL,90.0,80216,PL,pontesolidheathergrey
80216P,PONTE SOLID HEATHER GREY,PXL,49.0,80216,PXL,pontesolidheathergrey
80216P,WINE,PS,39.0,80216,PS,wine
80216P,WINE,PM,87.0,80216,PM,wine
80216P,WINE,PL,83.0,80216,PL,wine
80216P,WINE,PXL,48.0,80216,PXL,wine
80216W,Black,1X,312.0,80216,1X,black
80216W,Black,2X,207.0,80216,2X,black
80216W,Black,3X,104.0,80216,3X,black
80405W,Black,1XL,-28.0,80405,1X,black
80405W,Black,2XL,-51.0,80405,2X,black
80405W,Black,3XL,-63.0,80405,3X,black
80405W,Yellow/Pink,1XL,0.0,80405,1X,yellowpink
80405W,Yellow/Pink,2XL,0.0,80405,2X,yellowpink
80405W,Yellow/Pink,3XL,-1.0,80405,3X,yellowpink
80438W,Magenta,1XL,-80.0,80438,1X,magenta
80438W,Magenta,2XL,-74.0,80438,2X,magenta
80438W,Magenta,3XL,-42.0,80438,3X,magenta
80438W,Tomato,1XL,-65.0,80438,1X,tomato
80438W,Tomato,2XL,-62.0,80438,2X,tomato
80438W,Tomato,3XL,-42.0,80438,3X,tomato
853106X,black ponte,1X,351.0,853106,1X,blackponte
853106X,black ponte,2X,336.0,853106,2X,blackponte
853106X,black ponte,3X,317.0,853106,3X,blackponte
8766 Missy,BLACK,6,78.0,8766,6,black
8766 Missy,BLACK,8,129.0,8766,8,black
8766 Missy,BLACK,10,263.0,8766,10,black
8766 Missy,BLACK,12,204.0,8766,12,black
8766 Missy,BLACK,14,87.0,8766,14,black
8766 Missy,BLACK,16,54.0,8766,16,black
8766 Missy,BROWN,6,11.0,8766,6,brown
8766 Missy,BROWN,8,31.0,8766,8,brown
8766 Missy,BROWN,10,69.0,8766,10,brown
8766 Missy,BROWN,12,42.0,8766,12,brown
8766 Missy,BROWN,14,53.0,8766,14,brown
8766 Missy,BROWN,16,51.0,8766,16,brown
8766 Missy,DENIM,6,22.0,8766,6,denim
8766 Missy,DENIM,8,90.0,8766,8,denim
8766 Missy,DENIM,10,157.0,8766,10,denim
8766 Missy,DENIM,12,210.0,8766,12,denim
8766 Missy,DENIM,14,47.0,8766,14,denim
8766 Missy,DENIM,16,46.0,8766,16,denim
8766 Missy,light green ivory check,6,24.0,8766,6,lightgreenivorycheck
8766 Missy,light green ivory check,8,51.0,8766,8,lightgreenivorycheck
8766 Missy,light green ivory check,10,25.0,8766,10,lightgreenivorycheck
8766 Missy,light green ivory check,12,125.0,8766,12,lightgreenivorycheck
8766 Missy,light green ivory check,14,55.0,8766,14,lightgreenivorycheck
8766 Missy,light green ivory check,16,56.0,8766,16,lightgreenivorycheck
8766 Missy,OLIVE,6,19.0,8766,6,olive
8766 Missy,OLIVE,8,13.0,8766,8,olive
8766 Missy,OLIVE,10,22.0,8766,10,olive
8766 Missy,OLIVE,12,39.0,8766,12,olive
8766 Missy,OLIVE,14,47.0,8766,14,olive
8766 Missy,RED,6,18.0,8766,6,red
8766 Missy,RED,8,56.0,8766,8,red
8766 Missy,RED,10,74.0,8766,10,red
8766 Missy,RED,12,61.0,8766,12,red
8766 Missy,RED,14,14.0,8766,14,red
8766 Missy,RED,16,14.0,8766,16,red
8766 Missy,SAHARA,6,16.0,8766,6,sahara
8766 Missy,SAHARA,8,3.0,8766,8,sahara
8766 Missy,SAHARA,10,64.0,8766,10,sahara
8766 Missy,SAHARA,12,63.0,8766,12,sahara
8766 Missy,SAHARA,14,60.0,8766,14,sahara
8766 Missy,SAHARA,16,64.0,8766,16,sahara
8766 Missy,WHITE,6,23.0,8766,6,white
8766 Missy,WHITE,8,209.0,8766,8,white
8766 Missy,WHITE,10,229.0,8766,10,white
8766 Missy,WHITE,12,173.0,8766,12,white
8766 Missy,WHITE,14,103.0,8766,14,white
8766 Missy,WHITE,16,97.0,8766,16,white
8766 Petites,black,6P,18.0,8766,6P,black
8766 Petites,black,8P,4.0,8766,8P,black
8766 Petites,black,10P,5.0,8766,10P,black
8766 Petites,DENIM,6P,19.0,8766,6P,denim
8766 Petites,DENIM,8P,15.0,8766,8P,denim
8766 Petites,DENIM,10P,11.0,8766,10P,denim
8766 Petites,DENIM,12P,20.0,8766,12P,denim
8766 Petites,DENIM,14P,7.0,8766,14P,denim
8766 Petites,DENIM,16P,5.0,8766,16P,denim
8766 Petites,KHAKI,6P,22.0,8766,6P,khaki
8766 Petites,KHAKI,8P,17.0,8766,8P,khaki
8766 Petites,KHAKI,10P,18.0,8766,10P,khaki
8766 Petites,KHAKI,12P,7.0,8766,12P,khaki
8766 Petites,KHAKI,14P,15.0,8766,14P,khaki
8766 Petites,KHAKI,16P,25.0,8766,16P,khaki
8766 Petites,NAVY,6P,23.0,8766,6P,navy
8766 Petites,NAVY,8P,20.0,8766,8P,navy
8766 Petites,NAVY,10P,7.0,8766,10P,navy
8766 Petites,NAVY,12P,8.0,8766,12P,navy
8766 Petites,NAVY,14P,5.0,8766,14P,navy
8766 Petites,NAVY,16P,25.0,8766,16P,navy
8766 Petites,RED,6P,24.0,8766,6P,red
8766 Petites,RED,8P,32.0,8766,8P,red
8766 Petites,RED,10P,22.0,8766,10P,red
8766 Petites,RED,12P,23.0,8766,12P,red
8766 Petites,RED,14P,25.0,8766,14P,red
8766 Petites,RED,16P,26.0,8766,16P,red
8766 Petites,WHITE,6P,25.0,8766,6P,white
8766 Petites,WHITE,8P,20.0,8766,8P,white
8766 Petites,WHITE,10P,9.0,8766,10P,white
8766 Petites,WHITE,12P,3.0,8766,12P,white
8766 Petites,WHITE,14P,12.0,8766,14P,white
8766 Petites,WHITE,16P,5.0,8766,16P,white
8766 Plus,BLACK,14W,29.0,8766,14W,black
8766 Plus,BLACK,16W,18.0,8766,16W,black
8766 Plus,BLACK,18W,10.0,8766,18W,black
8766 Plus,BLACK,20W,5.0,8766,20W,black
8766 Plus,BLACK,22W,15.0,8766,22W,black
8766 Plus,BLACK,24W,18.0,8766,24W,black
8766 Plus,DENIM,14W,5.0,8766,14W,denim
8766 Plus,DENIM,16W,7.0,8766,16W,denim
8766 Plus,DENIM,18W,10.0,8766,18W,denim
8766 Plus,DENIM,20W,11.0,8766,20W,denim
8766 Plus,DENIM,22W,6.0,8766,22W,denim
8766 Plus,DENIM,24W,10.0,8766,24W,denim
8766 Plus,KHAKI,14W,41.0,8766,14W,khaki
8766 Plus,KHAKI,16W,36.0,8766,16W,khaki
8766 Plus,KHAKI,18W,37.0,8766,18W,khaki
8766 Plus,KHAKI,20W,32.0,8766,20W,khaki
8766 Plus,KHAKI,22W,36.0,8766,22W,khaki
8766 Plus,KHAKI,24W,43.0,8766,24W,khaki
8766 Plus,NAVY,14W,30.0,8766,14W,navy
8766 Plus,NAVY,16W,30.0,8766,16W,navy
8766 Plus,NAVY,18W,18.0,8766,18W,navy
8766 Plus,NAVY,20W,31.0,8766,20W,navy
8766 Plus,NAVY,22W,46.0,8766,22W,navy
8766 Plus,NAVY,24W,29.0,8766,24W,navy
8766 Plus,RED,14W,39.0,8766,14W,red
8766 Plus,RED,16W,34.0,8766,16W,red
8766 Plus,RED,18W,27.0,8766,18W,red
8766 Plus,RED,20W,31.0,8766,20W,red
8766 Plus,RED,22W,46.0,8766,22W,red
8766 Plus,RED,24W,39.0,8766,24W,red
8766 Plus,WHITE,14W,30.0,8766,14W,white
8766 Plus,WHITE,16W,21.0,8766,16W,white
8766 Plus,WHITE,18W,17.0,8766,18W,white
8766 Plus,WHITE,20W,9.0,8766,20W,white
8766 Plus,WHITE,22W,34.0,8766,22W,white
8766 Plus,WHITE,24W,41.0,8766,24W,white
95361-4,192334 Blue,6,31.0,95361,6,192334blue
95361-4,192334 Blue,8,63.0,95361,8,192334blue
95361-4,192334 Blue,10,94.0,95361,10,192334blue
95361-4,192334 Blue,12,95.0,95361,12,192334blue
95361-4,192334 Blue,14,62.0,95361,14,192334blue
95361-4,192334 Blue,16,31.0,95361,16,192334blue
95361-4,Cheetah Brown,6,39.0,95361,6,cheetahbrown
95361-4,Cheetah Brown,8,80.0,95361,8,cheetahbrown
95361-4,Cheetah Brown,10,120.0,95361,10,cheetahbrown
95361-4,Cheetah Brown,12,119.0,95361,12,cheetahbrown
95361-4,Cheetah Brown,14,80.0,95361,14,cheetahbrown
95361-4,Cheetah Brown,16,40.0,95361,16,cheetahbrown
95361-4,Cheetah Grey,6,41.0,95361,6,cheetahgrey
95361-4,Cheetah Grey,8,83.0,95361,8,cheetahgrey
95361-4,Cheetah Grey,10,125.0,95361,10,cheetahgrey
95361-4,Cheetah Grey,12,125.0,95361,12,cheetahgrey
95361-4,Cheetah Grey,14,84.0,95361,14,cheetahgrey
95361-4,Cheetah Grey,16,41.0,95361,16,cheetahgrey
95361-4,Red,6,31.0,95361,6,red
95361-4,Red,8,64.0,95361,8,red
95361-4,Red,10,95.0,95361,10,red
95361-4,Red,12,96.0,95361,12,red
95361-4,Red,14,64.0,95361,14,red
95361-4,Red,16,32.0,95361,16,red
95361-4,Seafoam,6,2.0,95361,6,seafoam
95361-4,Seafoam,8,4.0,95361,8,seafoam
95361-4,Seafoam,10,4.0,95361,10,seafoam
95361-4,Seafoam,12,4.0,95361,12,seafoam
95361-4,Seafoam,14,4.0,95361,14,seafoam
95361-4,Seafoam,16,0.0,95361,16,seafoam
95361-4,Snakeskin/Brown,6,29.0,95361,6,snakeskinbrown
95361-4,Snakeskin/Brown,8,63.0,95361,8,snakeskinbrown
95361-4,Snakeskin/Brown,10,95.0,95361,10,snakeskinbrown
95361-4,Snakeskin/Brown,12,96.0,95361,12,snakeskinbrown
95361-4,Snakeskin/Brown,14,64.0,95361,14,snakeskinbrown
95361-4,Snakeskin/Brown,16,30.0,95361,16,snakeskinbrown
95401 CAPRI,BLACK,S,41.0,95401 capri,S,black
95401 CAPRI,BLACK,M,24.0,95401 capri,M,black
95401 CAPRI,BLACK,L,69.0,95401 capri,L,black
95401 CAPRI,BLACK,XL,75.0,95401 capri,XL,black
95401 CAPRI,BLACK GREEN CHECK,S,8.0,95401 capri,S,blackgreencheck
95401 CAPRI,BLACK GREEN CHECK,M,49.0,95401 capri,M,blackgreencheck
95401 CAPRI,BLACK GREEN CHECK,L,51.0,95401 capri,L,blackgreencheck
95401 CAPRI,BLACK GREEN CHECK,XL,-14.0,95401 capri,XL,blackgreencheck
95401 CAPRI,BLACK WHITE,S,48.0,95401 capri,S,blackwhite
95401 CAPRI,BLACK WHITE,M,49.0,95401 capri,M,blackwhite
95401 CAPRI,BLACK WHITE,L,50.0,95401 capri,L,blackwhite
95401 CAPRI,BLACK WHITE,XL,47.0,95401 capri,XL,blackwhite
95401 CAPRI,BLACK WHITE CHECK,S,-90.0,95401 capri,S,blackwhitecheck
95401 CAPRI,BLACK WHITE CHECK,M,-103.0,95401 capri,M,blackwhitecheck
95401 CAPRI,BLACK WHITE CHECK,L,-163.0,95401 capri,L,blackwhitecheck
95401 CAPRI,BLACK WHITE CHECK,XL,-140.0,95401 capri,XL,blackwhitecheck
95401 CAPRI,BLACK WHITE GINHGAM,S,50.0,95401 capri,S,blackwhiteginhgam
95401 CAPRI,BLACK WHITE GINHGAM,M,50.0,95401 capri,M,blackwhiteginhgam
95401 CAPRI,BLACK WHITE GINHGAM,L,50.0,95401 capri,L,blackwhiteginhgam
95401 CAPRI,BLACK WHITE GINHGAM,XL,50.0,95401 capri,XL,blackwhiteginhgam
95401 CAPRI,BLACK WHITE GREY,S,100.0,95401 capri,S,blackwhitegrey
95401 CAPRI,BLACK WHITE GREY,M,100.0,95401 capri,M,blackwhitegrey
95401 CAPRI,BLACK WHITE GREY,L,200.0,95401 capri,L,blackwhitegrey
95401 CAPRI,BLACK WHITE GREY,XL,200.0,95401 capri,XL,blackwhitegrey
95401 CAPRI,BLACK WHITE GREY,S,37.0,95401 capri,S,blackwhitegrey
95401 CAPRI,BLACK WHITE GREY,M,37.0,95401 capri,M,blackwhitegrey
95401 CAPRI,BLACK WHITE GREY,L,74.0,95401 capri,L,blackwhitegrey
95401 CAPRI,BLACK WHITE GREY,XL,74.0,95401 capri,XL,blackwhitegrey
95401 CAPRI,BLUE GINHGAM,S,43.0,95401 capri,S,blueginhgam
95401 CAPRI,BLUE GINHGAM,M,44.0,95401 capri,M,blueginhgam
95401 CAPRI,BLUE GINHGAM,L,44.0,95401 capri,L,blueginhgam
95401 CAPRI,BLUE GINHGAM,XL,45.0,95401 capri,XL,blueginhgam
95401 CAPRI,DEEP NAVY/INK /NAVY,S,48.0,95401 capri,S,deepnavyinknavy
95401 CAPRI,DEEP NAVY/INK /NAVY,M,43.0,95401 capri,M,deepnavyinknavy
95401 CAPRI,DEEP NAVY/INK /NAVY,L,36.0,95401 capri,L,deepnavyinknavy
95401 CAPRI,DEEP NAVY/INK /NAVY,XL,40.0,95401 capri,XL,deepnavyinknavy
95401 CAPRI,DENIM,S,42.0,95401 capri,S,denim
95401 CAPRI,DENIM,M,38.0,95401 capri,M,denim
95401 CAPRI,DENIM,L,44.0,95401 capri,L,denim
95401 CAPRI,DENIM,XL,43.0,95401 capri,XL,denim
95401 CAPRI,FUCSHIA PURPLE,S,46.0,95401 capri,S,fucshiapure
95401 CAPRI,FUCSHIA PURPLE,M,43.0,95401 capri,M,fucshiapure
95401 CAPRI,FUCSHIA PURPLE,L,37.0,95401 capri,L,fucshiapure
95401 CAPRI,FUCSHIA PURPLE,XL,47.0,95401 capri,XL,fucshiapure
95401 CAPRI,KHAKI OFF WHITE,S,50.0,95401 capri,S,khakioffwhite
95401 CAPRI,KHAKI OFF WHITE,M,48.0,95401 capri,M,khakioffwhite
95401 CAPRI,KHAKI OFF WHITE,L,45.0,95401 capri,L,khakioffwhite
95401 CAPRI,KHAKI OFF WHITE,XL,50.0,95401 capri,XL,khakioffwhite
95401 CAPRI,MELON,S,49.0,95401 capri,S,melon
95401 CAPRI,MELON,M,48.0,95401 capri,M,melon
95401 CAPRI,MELON,L,47.0,95401 capri,L,melon
95401 CAPRI,MELON,XL,49.0,95401 capri,XL,melon
95401 CAPRI,NAVY FLAMINGO,S,49.0,95401 capri,S,navyflamingo
95401 CAPRI,NAVY FLAMINGO,M,49.0,95401 capri,M,navyflamingo
95401 CAPRI,NAVY FLAMINGO,L,48.0,95401 capri,L,navyflamingo
95401 CAPRI,NAVY FLAMINGO,XL,49.0,95401 capri,XL,navyflamingo
95401 CAPRI,NAVY WHITE GINGHAM,S,97.0,95401 capri,S,navywhitegingham
95401 CAPRI,NAVY WHITE GINGHAM,M,93.0,95401 capri,M,navywhitegingham
95401 CAPRI,NAVY WHITE GINGHAM,L,99.0,95401 capri,L,navywhitegingham
95401 CAPRI,NAVY WHITE GINGHAM,XL,96.0,95401 capri,XL,navywhitegingham
95401 CAPRI,PINK FLAMINGO,S,50.0,95401 capri,S,pinkflamingo
95401 CAPRI,PINK FLAMINGO,M,49.0,95401 capri,M,pinkflamingo
95401 CAPRI,PINK FLAMINGO,L,50.0,95401 capri,L,pinkflamingo
95401 CAPRI,PINK FLAMINGO,XL,50.0,95401 capri,XL,pinkflamingo
95401 CAPRI,PINK GINHGAM,S,45.0,95401 capri,S,pinkginhgam
95401 CAPRI,PINK GINHGAM,M,47.0,95401 capri,M,pinkginhgam
95401 CAPRI,PINK GINHGAM,L,47.0,95401 capri,L,pinkginhgam
95401 CAPRI,PINK GINHGAM,XL,48.0,95401 capri,XL,pinkginhgam
95401 CAPRI,PINK STRIPE,S,37.0,95401 capri,S,pinkstripe
95401 CAPRI,PINK STRIPE,M,33.0,95401 capri,M,pinkstripe
95401 CAPRI,PINK STRIPE,L,39.0,95401 capri,L,pinkstripe
95401 CAPRI,PINK STRIPE,XL,39.0,95401 capri,XL,pinkstripe
95401 CAPRI,PURPLE SNAKESKIN,S,49.0,95401 capri,S,puresnakeskin
95401 CAPRI,PURPLE SNAKESKIN,M,50.0,95401 capri,M,puresnakeskin
95401 CAPRI,PURPLE SNAKESKIN,L,50.0,95401 capri,L,puresnakeskin
95401 CAPRI,PURPLE SNAKESKIN,XL,49.0,95401 capri,XL,puresnakeskin
95401 CAPRI,RED GINHGAM,S,47.0,95401 capri,S,redginhgam
95401 CAPRI,RED GINHGAM,M,46.0,95401 capri,M,redginhgam
95401 CAPRI,RED GINHGAM,L,48.0,95401 capri,L,redginhgam
95401 CAPRI,RED GINHGAM,XL,46.0,95401 capri,XL,redginhgam
95401 CAPRI,SUNLIGHT,S,47.0,95401 capri,S,sunlight
95401 CAPRI,SUNLIGHT,M,47.0,95401 capri,M,sunlight
95401 CAPRI,SUNLIGHT,L,48.0,95401 capri,L,sunlight
95401 CAPRI,SUNLIGHT,XL,47.0,95401 capri,XL,sunlight
95401 CAPRI,TURQ STRIPE,S,48.0,95401 capri,S,turqstripe
95401 CAPRI,TURQ STRIPE,M,47.0,95401 capri,M,turqstripe
95401 CAPRI,TURQ STRIPE,L,48.0,95401 capri,L,turqstripe
95401 CAPRI,TURQ STRIPE,XL,44.0,95401 capri,XL,turqstripe
95401 CAPRI,WHITE,S,38.0,95401 capri,S,white
95401 CAPRI,WHITE,M,39.0,95401 capri,M,white
95401 CAPRI,WHITE,L,69.0,95401 capri,L,white
95401 CAPRI,WHITE,XL,79.0,95401 capri,XL,white
95401 CAPRI,WHITE YELLOW HOUNDSTOOTH,S,50.0,95401 capri,S,whiteyellowhoundstooth
95401 CAPRI,WHITE YELLOW HOUNDSTOOTH,M,47.0,95401 capri,M,whiteyellowhoundstooth
95401 CAPRI,WHITE YELLOW HOUNDSTOOTH,L,46.0,95401 capri,L,whiteyellowhoundstooth
95401 CAPRI,WHITE YELLOW HOUNDSTOOTH,XL,45.0,95401 capri,XL,whiteyellowhoundstooth
95401 SHORT,BLACK,S,48.0,95401 short,S,black
95401 SHORT,BLACK,M,48.0,95401 short,M,black
95401 SHORT,BLACK,L,100.0,95401 short,L,black
95401 SHORT,BLACK,XL,100.0,95401 short,XL,black
95401 SHORT,BLACK GREEN CHECK (OLIVE),S,65.0,95401 short,S,blackgreencheckolive
95401 SHORT,BLACK GREEN CHECK (OLIVE),M,99.0,95401 short,M,blackgreencheckolive
95401 SHORT,BLACK GREEN CHECK (OLIVE),L,129.0,95401 short,L,blackgreencheckolive
95401 SHORT,BLACK GREEN CHECK (OLIVE),XL,65.0,95401 short,XL,blackgreencheckolive
95401 SHORT,BLACK WHITE,S,50.0,95401 short,S,blackwhite
95401 SHORT,BLACK WHITE,M,49.0,95401 short,M,blackwhite
95401 SHORT,BLACK WHITE,L,50.0,95401 short,L,blackwhite
95401 SHORT,BLACK WHITE,XL,50.0,95401 short,XL,blackwhite
95401 SHORT,BLACK WHITE CHECK (GINHGAM),S,42.0,95401 short,S,blackwhitecheckginhgam
95401 SHORT,BLACK WHITE CHECK (GINHGAM),M,33.0,95401 short,M,blackwhitecheckginhgam
95401 SHORT,BLACK WHITE CHECK (GINHGAM),L,2.0,95401 short,L,blackwhitecheckginhgam
95401 SHORT,BLACK WHITE CHECK (GINHGAM),XL,6.0,95401 short,XL,blackwhitecheckginhgam
95401 SHORT,BLACK WHITE GINHGAM,S,50.0,95401 short,S,blackwhiteginhgam
95401 SHORT,BLACK WHITE GINHGAM,M,50.0,95401 short,M,blackwhiteginhgam
95401 SHORT,BLACK WHITE GINHGAM,L,49.0,95401 short,L,blackwhiteginhgam
95401 SHORT,BLACK WHITE GINHGAM,XL,49.0,95401 short,XL,blackwhiteginhgam
95401 SHORT,BLACK WHITE STRIPE,S,7.0,95401 short,S,blackwhitestripe
95401 SHORT,BLACK WHITE STRIPE,M,18.0,95401 short,M,blackwhitestripe
95401 SHORT,BLACK WHITE STRIPE,L,9.0,95401 short,L,blackwhitestripe
95401 SHORT,BLACK WHITE STRIPE,XL,5.0,95401 short,XL,blackwhitestripe
95401 SHORT,BLUE GINGHAM,S,45.0,95401 short,S,bluegingham
95401 SHORT,BLUE GINGHAM,M,44.0,95401 short,M,bluegingham
95401 SHORT,BLUE GINGHAM,L,39.0,95401 short,L,bluegingham
95401 SHORT,BLUE GINGHAM,XL,46.0,95401 short,XL,bluegingham
95401 SHORT,BLUE WHITE STRIPE,PS,8.0,95401 short,PS,bluewhitestripe
95401 SHORT,BLUE WHITE STRIPE,PM,50.0,95401 short,PM,bluewhitestripe
95401 SHORT,BLUE WHITE STRIPE,PL,44.0,95401 short,PL,bluewhitestripe
95401 SHORT,BLUE WHITE STRIPE,PXL,21.0,95401 short,PXL,bluewhitestripe
95401 SHORT,DEEP BLUE,S,50.0,95401 short,S,deepblue
95401 SHORT,DEEP BLUE,M,50.0,95401 short,M,deepblue
95401 SHORT,DEEP BLUE,L,49.0,95401 short,L,deepblue
95401 SHORT,DEEP BLUE,XL,50.0,95401 short,XL,deepblue
95401 SHORT,DENIM,S,49.0,95401 short,S,denim
95401 SHORT,DENIM,M,46.0,95401 short,M,denim
95401 SHORT,DENIM,L,50.0,95401 short,L,denim
95401 SHORT,DENIM,XL,49.0,95401 short,XL,denim
95401 SHORT,FUCSHIA PURPLE,S,50.0,95401 short,S,fucshiapure
95401 SHORT,FUCSHIA PURPLE,M,50.0,95401 short,M,fucshiapure
95401 SHORT,FUCSHIA PURPLE,L,50.0,95401 short,L,fucshiapure
95401 SHORT,FUCSHIA PURPLE,XL,50.0,95401 short,XL,fucshiapure
95401 SHORT,KHAKI OFF WHITE,S,26.0,95401 short,S,khakioffwhite
95401 SHORT,KHAKI OFF WHITE,M,7.0,95401 short,M,khakioffwhite
95401 SHORT,KHAKI OFF WHITE,L,15.0,95401 short,L,khakioffwhite
95401 SHORT,KHAKI OFF WHITE,XL,25.0,95401 short,XL,khakioffwhite
95401 SHORT,KHAKI WHITE STRIPE,S,-2.0,95401 short,S,khakiwhitestripe
95401 SHORT,KHAKI WHITE STRIPE,M,-2.0,95401 short,M,khakiwhitestripe
95401 SHORT,KHAKI WHITE STRIPE,L,0.0,95401 short,L,khakiwhitestripe
95401 SHORT,KHAKI WHITE STRIPE,XL,0.0,95401 short,XL,khakiwhitestripe
95401 SHORT,MELON,S,50.0,95401 short,S,melon
95401 SHORT,MELON,M,50.0,95401 short,M,melon
95401 SHORT,MELON,L,49.0,95401 short,L,melon
95401 SHORT,MELON,XL,48.0,95401 short,XL,melon
95401 SHORT,NAVY FLAMINGO,S,48.0,95401 short,S,navyflamingo
95401 SHORT,NAVY FLAMINGO,M,48.0,95401 short,M,navyflamingo
95401 SHORT,NAVY FLAMINGO,L,45.0,95401 short,L,navyflamingo
95401 SHORT,NAVY FLAMINGO,XL,50.0,95401 short,XL,navyflamingo
95401 SHORT,NAVY WHITE GINHGAM,S,99.0,95401 short,S,navywhiteginhgam
95401 SHORT,NAVY WHITE GINHGAM,M,100.0,95401 short,M,navywhiteginhgam
95401 SHORT,NAVY WHITE GINHGAM,L,99.0,95401 short,L,navywhiteginhgam
95401 SHORT,NAVY WHITE GINHGAM,XL,99.0,95401 short,XL,navywhiteginhgam
95401 SHORT,PINK FLAMINGO,S,49.0,95401 short,S,pinkflamingo
95401 SHORT,PINK FLAMINGO,M,50.0,95401 short,M,pinkflamingo
95401 SHORT,PINK FLAMINGO,L,47.0,95401 short,L,pinkflamingo
95401 SHORT,PINK FLAMINGO,XL,50.0,95401 short,XL,pinkflamingo
95401 SHORT,PINK GINGHAM,S,48.0,95401 short,S,pinkgingham
95401 SHORT,PINK GINGHAM,M,47.0,95401 short,M,pinkgingham
95401 SHORT,PINK GINGHAM,L,45.0,95401 short,L,pinkgingham
95401 SHORT,PINK GINGHAM,XL,50.0,95401 short,XL,pinkgingham
95401 SHORT,PINK STRIPE,S,49.0,95401 short,S,pinkstripe
95401 SHORT,PINK STRIPE,M,49.0,95401 short,M,pinkstripe
95401 SHORT,PINK STRIPE,L,50.0,95401 short,L,pinkstripe
95401 SHORT,PINK STRIPE,XL,49.0,95401 short,XL,pinkstripe
95401 SHORT,PURPLE SNAKESKIN,S,49.0,95401 short,S,puresnakeskin
95401 SHORT,PURPLE SNAKESKIN,M,50.0,95401 short,M,puresnakeskin
95401 SHORT,PURPLE SNAKESKIN,L,50.0,95401 short,L,puresnakeskin
95401 SHORT,PURPLE SNAKESKIN,XL,48.0,95401 short,XL,puresnakeskin
95401 SHORT,RED GINGHAM,S,48.0,95401 short,S,redgingham
95401 SHORT,RED GINGHAM,M,45.0,95401 short,M,redgingham
95401 SHORT,RED GINGHAM,L,46.0,95401 short,L,redgingham
95401 SHORT,RED GINGHAM,XL,46.0,95401 short,XL,redgingham
95401 SHORT,SUNLIGHT,S,49.0,95401 short,S,sunlight
95401 SHORT,SUNLIGHT,M,49.0,95401 short,M,sunlight
95401 SHORT,SUNLIGHT,L,48.0,95401 short,L,sunlight
95401 SHORT,SUNLIGHT,XL,50.0,95401 short,XL,sunlight
95401 SHORT,TURQ STRIPE,S,50.0,95401 short,S,turqstripe
95401 SHORT,TURQ STRIPE,M,50.0,95401 short,M,turqstripe
95401 SHORT,TURQ STRIPE,L,50.0,95401 short,L,turqstripe
95401 SHORT,TURQ STRIPE,XL,50.0,95401 short,XL,turqstripe
95401 SHORT,WHITE,S,48.0,95401 short,S,white
95401 SHORT,WHITE,M,50.0,95401 short,M,white
95401 SHORT,WHITE,L,100.0,95401 short,L,white
95401 SHORT,WHITE,XL,96.0,95401 short,XL,white
95401 SHORT,WHITE YELLOW,S,48.0,95401 short,S,whiteyellow
95401 SHORT,WHITE YELLOW,M,50.0,95401 short,M,whiteyellow
95401 SHORT,WHITE YELLOW,L,48.0,95401 short,L,whiteyellow
95401 SHORT,WHITE YELLOW,XL,50.0,95401 short,XL,whiteyellow
95445C,#3455 white,1X,1080.0,95445,1X,3455white
95445C,#3455 white,2X,720.0,95445,2X,3455white
95445C,#3455 white,3X,359.0,95445,3X,3455white
CK101/5010130,BLACK,S,42.0,5010130,S,black
CK101/5010130,BLACK,M,84.0,5010130,M,black
CK101/5010130,BLACK,L,83.0,5010130,L,black
CK101/5010130,BLACK,XL,42.0,5010130,XL,black
CK101/5010130,HEATHER GREY,S,24.0,5010130,S,heathergrey
CK101/5010130,HEATHER GREY,M,46.0,5010130,M,heathergrey
CK101/5010130,HEATHER GREY,L,20.0,5010130,L,heathergrey
CK101/5010130,HEATHER GREY,XL,0.0,5010130,XL,heathergrey
CK101/5010130,INK,S,3.0,5010130,S,ink
CK101/5010130,INK,M,21.0,5010130,M,ink
CK101/5010130,INK,L,8.0,5010130,L,ink
CK101/5010130,INK,XL,6.0,5010130,XL,ink
CK101/5010130,OLIVE,S,23.0,5010130,S,olive
CK101/5010130,OLIVE,M,45.0,5010130,M,olive
CK101/5010130,OLIVE,L,46.0,5010130,L,olive
CK101/5010130,OLIVE,XL,13.0,5010130,XL,olive
CK101/5010130,Wine,S,19.0,5010130,S,wine
CK101/5010130,Wine,M,46.0,5010130,M,wine
CK101/5010130,Wine,L,40.0,5010130,L,wine
CK101/5010130,Wine,XL,0.0,5010130,XL,wine
ER100,BLUE,S,97.0,100,S,blue
ER100,BLUE,M,72.0,100,M,blue
ER100,BLUE,L,86.0,100,L,blue
ER100,BLUE,XL,86.0,100,XL,blue
ER100,RED,S,101.0,100,S,red
ER100,RED,M,66.0,100,M,red
ER100,RED,L,74.0,100,L,red
ER100,RED,XL,68.0,100,XL,red
ER100,WHITE,S,61.0,100,S,white
ER100,WHITE,M,38.0,100,M,white
ER100,WHITE,L,49.0,100,L,white
ER100,WHITE,XL,49.0,100,XL,white
ER999,BLUE,1X,19.0,999,1X,blue
ER999,BLUE,2X,1.0,999,2X,blue
ER999,BLUE,3X,-4.0,999,3X,blue
ER999,RED,1X,12.0,999,1X,red
ER999,RED,2X,-3.0,999,2X,red
ER999,RED,3X,4.0,999,3X,red
ER999,WHITE,1X,7.0,999,1X,white
ER999,WHITE,2X,-5.0,999,2X,white
ER999,WHITE,3X,-14.0,999,3X,white
ER999,Winter White,1X,0.0,999,1X,winterwhite
ER999,Winter White,2X,0.0,999,2X,winterwhite
ER999,Winter White,3X,0.0,999,3X,winterwhite
LT366,LIME GREEN,2,31.0,366,2,limegreen
LT366,LIME GREEN,4,-61.0,366,4,limegreen
LT366,LIME GREEN,6,-187.0,366,6,limegreen
LT366,LIME GREEN,8,-232.0,366,8,limegreen
LT366,LIME GREEN,10,-367.0,366,10,limegreen
LT366,LIME GREEN,12,-303.0,366,12,limegreen
LT366,LIME GREEN,14,-390.0,366,14,limegreen
LT366,LIME GREEN,16,-159.0,366,16,limegreen
M017-MISSY,AUBARGINE coating,S,151.0,17,S,aubarginecoating
M017-MISSY,AUBARGINE coating,M,293.0,17,M,aubarginecoating
M017-MISSY,AUBARGINE coating,L,294.0,17,L,aubarginecoating
M017-MISSY,AUBARGINE coating,XL,147.0,17,XL,aubarginecoating
M017-MISSY,BLACK #181677 solid,S,201.0,17,S,black181677solid
M017-MISSY,BLACK #181677 solid,M,401.0,17,M,black181677solid
M017-MISSY,BLACK #181677 solid,L,399.0,17,L,black181677solid
M017-MISSY,BLACK #181677 solid,XL,196.0,17,XL,black181677solid
M017-MISSY,BLACK coating,S,73.0,17,S,blackcoating
M017-MISSY,BLACK coating,M,62.0,17,M,blackcoating
M017-MISSY,BLACK coating,L,48.0,17,L,blackcoating
M017-MISSY,BLACK coating,XL,48.0,17,XL,blackcoating
M017-MISSY,CHOCOLATE coating,S,55.0,17,S,chocolatecoating
M017-MISSY,CHOCOLATE coating,M,114.0,17,M,chocolatecoating
M017-MISSY,CHOCOLATE coating,L,121.0,17,L,chocolatecoating
M017-MISSY,CHOCOLATE coating,XL,47.0,17,XL,chocolatecoating
M017-MISSY,COGNAC coating,S,144.0,17,S,cognaccoating
M017-MISSY,COGNAC coating,M,298.0,17,M,cognaccoating
M017-MISSY,COGNAC coating,L,294.0,17,L,cognaccoating
M017-MISSY,COGNAC coating,XL,149.0,17,XL,cognaccoating
M017-MISSY,DEEP BLUE #3455 slub,S,96.0,17,S,deepblue3455slub
M017-MISSY,DEEP BLUE #3455 slub,M,192.0,17,M,deepblue3455slub
M017-MISSY,DEEP BLUE #3455 slub,L,192.0,17,L,deepblue3455slub
M017-MISSY,DEEP BLUE #3455 slub,XL,96.0,17,XL,deepblue3455slub
M017-MISSY,FUSCHIA #3455 slub,S,96.0,17,S,fuschia3455slub
M017-MISSY,FUSCHIA #3455 slub,M,192.0,17,M,fuschia3455slub
M017-MISSY,FUSCHIA #3455 slub,L,192.0,17,L,fuschia3455slub
M017-MISSY,FUSCHIA #3455 slub,XL,96.0,17,XL,fuschia3455slub
M017-MISSY,KHAKI #3455 slub,S,88.0,17,S,khaki3455slub
M017-MISSY,KHAKI #3455 slub,M,176.0,17,M,khaki3455slub
M017-MISSY,KHAKI #3455 slub,L,176.0,17,L,khaki3455slub
M017-MISSY,KHAKI #3455 slub,XL,88.0,17,XL,khaki3455slub
M017-MISSY,MOONSTONE coating,S,84.0,17,S,moonstonecoating
M017-MISSY,MOONSTONE coating,M,73.0,17,M,moonstonecoating
M017-MISSY,MOONSTONE coating,L,85.0,17,L,moonstonecoating
M017-MISSY,MOONSTONE coating,XL,71.0,17,XL,moonstonecoating
M017-MISSY,Ponte Print-FY213388-#2 Olive/Grey/Black Camoflage,S,105.0,17,S,ponteprintfy2133882olivegreyblackcamoflage
M017-MISSY,Ponte Print-FY213388-#2 Olive/Grey/Black Camoflage,M,207.0,17,M,ponteprintfy2133882olivegreyblackcamoflage
M017-MISSY,Ponte Print-FY213388-#2 Olive/Grey/Black Camoflage,L,208.0,17,L,ponteprintfy2133882olivegreyblackcamoflage
M017-MISSY,Ponte Print-FY213388-#2 Olive/Grey/Black Camoflage,XL,104.0,17,XL,ponteprintfy2133882olivegreyblackcamoflage
M017-MISSY,Ponte Print-FY213388-#35 Grey/Black Camoflage,S,107.0,17,S,ponteprintfy21338835greyblackcamoflage
M017-MISSY,Ponte Print-FY213388-#35 Grey/Black Camoflage,M,212.0,17,M,ponteprintfy21338835greyblackcamoflage
M017-MISSY,Ponte Print-FY213388-#35 Grey/Black Camoflage,L,212.0,17,L,ponteprintfy21338835greyblackcamoflage
M017-MISSY,Ponte Print-FY213388-#35 Grey/Black Camoflage,XL,104.0,17,XL,ponteprintfy21338835greyblackcamoflage
M017-MISSY,SILVER #3455 slub,S,83.0,17,S,silver3455slub
M017-MISSY,SILVER #3455 slub,M,166.0,17,M,silver3455slub
M017-MISSY,SILVER #3455 slub,L,171.0,17,L,silver3455slub
M017-MISSY,SILVER #3455 slub,XL,76.0,17,XL,silver3455slub
M017-MISSY,WALNUT coating,S,90.0,17,S,walnutcoating
M017-MISSY,WALNUT coating,M,81.0,17,M,walnutcoating
M017-MISSY,WALNUT coating,L,81.0,17,L,walnutcoating
M017-MISSY,WALNUT coating,XL,80.0,17,XL,walnutcoating
M017-MISSY,WHITE #3455 slub,S,379.0,17,S,white3455slub
M017-MISSY,WHITE #3455 slub,M,767.0,17,M,white3455slub
M017-MISSY,WHITE #3455 slub,L,769.0,17,L,white3455slub
M017-MISSY,WHITE #3455 slub,XL,360.0,17,XL,white3455slub
M017-MISSY,WHITE ON WHITE coating,S,85.0,17,S,whiteonwhitecoating
M017-MISSY,WHITE ON WHITE coating,M,83.0,17,M,whiteonwhitecoating
M017-MISSY,WHITE ON WHITE coating,L,80.0,17,L,whiteonwhitecoating
M017-MISSY,WHITE ON WHITE coating,XL,82.0,17,XL,whiteonwhitecoating
M017-MISSY,WINE ON WINE coating,S,88.0,17,S,wineonwinecoating
M017-MISSY,WINE ON WINE coating,M,86.0,17,M,wineonwinecoating
M017-MISSY,WINE ON WINE coating,L,87.0,17,L,wineonwinecoating
M017-MISSY,WINE ON WINE coating,XL,85.0,17,XL,wineonwinecoating
M022 Missy,BLACK,S,127.0,22,S,black
M022 Missy,BLACK,M,101.0,22,M,black
M022 Missy,BLACK,L,85.0,22,L,black
M022 Missy,BLACK,XL,87.0,22,XL,black
M022 Missy,DENIM,S,112.0,22,S,denim
M022 Missy,DENIM,M,90.0,22,M,denim
M022 Missy,DENIM,L,67.0,22,L,denim
M022 Missy,DENIM,XL,71.0,22,XL,denim
M022 Missy,FLAMINGO,S,100.0,22,S,flamingo
M022 Missy,FLAMINGO,M,100.0,22,M,flamingo
M022 Missy,FLAMINGO,L,100.0,22,L,flamingo
M022 Missy,FLAMINGO,XL,100.0,22,XL,flamingo
M022 Missy,JL LIME,S,100.0,22,S,jllime
M022 Missy,JL LIME,M,100.0,22,M,jllime
M022 Missy,JL LIME,L,100.0,22,L,jllime
M022 Missy,JL LIME,XL,100.0,22,XL,jllime
M022 Missy,JL SAGE,S,100.0,22,S,jlsage
M022 Missy,JL SAGE,M,100.0,22,M,jlsage
M022 Missy,JL SAGE,L,100.0,22,L,jlsage
M022 Missy,JL SAGE,XL,100.0,22,XL,jlsage
M022 Missy,KHAKI,S,41.0,22,S,khaki
M022 Missy,KHAKI,M,36.0,22,M,khaki
M022 Missy,KHAKI,L,22.0,22,L,khaki
M022 Missy,KHAKI,XL,20.0,22,XL,khaki
M022 Missy,MYCONOS,S,100.0,22,S,myconos
M022 Missy,MYCONOS,M,100.0,22,M,myconos
M022 Missy,MYCONOS,L,100.0,22,L,myconos
M022 Missy,MYCONOS,XL,100.0,22,XL,myconos
M022 Missy,NAVY,S,29.0,22,S,navy
M022 Missy,NAVY,M,18.0,22,M,navy
M022 Missy,NAVY,L,-1.0,22,L,navy
M022 Missy,NAVY,XL,-18.0,22,XL,navy
M022 Missy,RED,S,117.0,22,S,red
M022 Missy,RED,L,85.0,22,L,red
M022 Missy,RED,XL,105.0,22,XL,red
M022 Missy,RED,M,95.0,22,M,red
M022 Missy,WHITE,S,106.0,22,S,white
M022 Missy,WHITE,M,79.0,22,M,white
M022 Missy,WHITE,L,21.0,22,L,white
M022 Missy,WHITE,XL,33.0,22,XL,white
M022 Petite,BLACK,PS,38.0,22,PS,black
M022 Petite,BLACK,PM,14.0,22,PM,black
M022 Petite,BLACK,PL,21.0,22,PL,black
M022 Petite,BLACK,PXL,25.0,22,PXL,black
M022 Petite,DENIM,PS,43.0,22,PS,denim
M022 Petite,DENIM,PM,23.0,22,PM,denim
M022 Petite,DENIM,PL,29.0,22,PL,denim
M022 Petite,DENIM,PXL,29.0,22,PXL,denim
M022 Petite,KHAKI,PS,31.0,22,PS,khaki
M022 Petite,KHAKI,PM,3.0,22,PM,khaki
M022 Petite,KHAKI,PL,-4.0,22,PL,khaki
M022 Petite,KHAKI,PXL,-6.0,22,PXL,khaki
M022 Petite,NAVY,PS,39.0,22,PS,navy
M022 Petite,NAVY,PM,29.0,22,PM,navy
M022 Petite,NAVY,PL,21.0,22,PL,navy
M022 Petite,NAVY,PXL,36.0,22,PXL,navy
M022 Petite,RED,PS,43.0,22,PS,red
M022 Petite,RED,PM,37.0,22,PM,red
M022 Petite,RED,PL,26.0,22,PL,red
M022 Petite,RED,PXL,36.0,22,PXL,red
M022 Petite,WHITE,PS,33.0,22,PS,white
M022 Petite,WHITE,PM,26.0,22,PM,white
M022 Petite,WHITE,PL,4.0,22,PL,white
M022 Petite,WHITE,PXL,16.0,22,PXL,white
M022 PLUS,BLACK,1X,36.0,22,1X,black
M022 PLUS,BLACK,2X,18.0,22,2X,black
M022 PLUS,BLACK,3X,31.0,22,3X,black
M022 PLUS,DENIM,1X,22.0,22,1X,denim
M022 PLUS,DENIM,2X,11.0,22,2X,denim
M022 PLUS,DENIM,3X,-1.0,22,3X,denim
M022 PLUS,JL SAGE,1X,100.0,22,1X,jlsage
M022 PLUS,JL SAGE,2X,100.0,22,2X,jlsage
M022 PLUS,JL SAGE,3X,100.0,22,3X,jlsage
M022 PLUS,KHAKI,1X,-17.0,22,1X,khaki
M022 PLUS,KHAKI,2X,-14.0,22,2X,khaki
M022 PLUS,KHAKI,3X,-2.0,22,3X,khaki
M022 PLUS,MYCONOS,1X,100.0,22,1X,myconos
M022 PLUS,MYCONOS,2X,100.0,22,2X,myconos
M022 PLUS,MYCONOS,3X,100.0,22,3X,myconos
M022 PLUS,NAVY,1X,43.0,22,1X,navy
M022 PLUS,NAVY,2X,19.0,22,2X,navy
M022 PLUS,NAVY,3X,42.0,22,3X,navy
M022 PLUS,RED,1X,29.0,22,1X,red
M022 PLUS,RED,2X,15.0,22,2X,red
M022 PLUS,RED,3X,12.0,22,3X,red
M022 PLUS,WHITE,1X,55.0,22,1X,white
M022 PLUS,WHITE,2X,91.0,22,2X,white
M022 PLUS,WHITE,3X,139.0,22,3X,white
M058,Ponte Print-FY213388 #20 Brown/Black/Blue Plaid,S,70.0,58,S,ponteprintfy21338820brownblackblueaid
M058,Ponte Print-FY213388 #20 Brown/Black/Blue Plaid,M,134.0,58,M,ponteprintfy21338820brownblackblueaid
M058,Ponte Print-FY213388 #20 Brown/Black/Blue Plaid,L,126.0,58,L,ponteprintfy21338820brownblackblueaid
M058,Ponte Print-FY213388 #20 Brown/Black/Blue Plaid,XL,60.0,58,XL,ponteprintfy21338820brownblackblueaid
M058,Ponte Print-FY213388 #21 Black/Grey/Blue Plaid,S,104.0,58,S,ponteprintfy21338821blackgreyblueaid
M058,Ponte Print-FY213388 #21 Black/Grey/Blue Plaid,M,205.0,58,M,ponteprintfy21338821blackgreyblueaid
M058,Ponte Print-FY213388 #21 Black/Grey/Blue Plaid,L,204.0,58,L,ponteprintfy21338821blackgreyblueaid
M058,Ponte Print-FY213388 #21 Black/Grey/Blue Plaid,XL,101.0,58,XL,ponteprintfy21338821blackgreyblueaid
M058,Ponte Print-FY213388 #39 Black Plaid,S,81.0,58,S,ponteprintfy21338839blackaid
M058,Ponte Print-FY213388 #39 Black Plaid,M,159.0,58,M,ponteprintfy21338839blackaid
M058,Ponte Print-FY213388 #39 Black Plaid,L,169.0,58,L,ponteprintfy21338839blackaid
M058,Ponte Print-FY213388 #39 Black Plaid,XL,79.0,58,XL,ponteprintfy21338839blackaid
M058,Ponte Print-LMP2399Z Royal/wine Plaid,S,109.0,58,S,ponteprintlmp2399zroyalwineaid
M058,Ponte Print-LMP2399Z Royal/wine Plaid,M,215.0,58,M,ponteprintlmp2399zroyalwineaid
M058,Ponte Print-LMP2399Z Royal/wine Plaid,L,216.0,58,L,ponteprintlmp2399zroyalwineaid
M058,Ponte Print-LMP2399Z Royal/wine Plaid,XL,100.0,58,XL,ponteprintlmp2399zroyalwineaid
M058,Ponte Solid-Black,S,94.0,58,S,pontesolidblack
M058,Ponte Solid-Black,M,185.0,58,M,pontesolidblack
M058,Ponte Solid-Black,L,188.0,58,L,pontesolidblack
M058,Ponte Solid-Black,XL,92.0,58,XL,pontesolidblack
M060,#35 Grey/Black Camoflage,S,136.0,60,S,35greyblackcamoflage
M060,#35 Grey/Black Camoflage,M,272.0,60,M,35greyblackcamoflage
M060,#35 Grey/Black Camoflage,L,272.0,60,L,35greyblackcamoflage
M060,#35 Grey/Black Camoflage,XL,136.0,60,XL,35greyblackcamoflage
M060,#20 Brown/Black/Blue Plaid,S,141.0,60,S,20brownblackblueaid
M060,#20 Brown/Black/Blue Plaid,M,285.0,60,M,20brownblackblueaid
M060,#20 Brown/Black/Blue Plaid,L,288.0,60,L,20brownblackblueaid
M060,#20 Brown/Black/Blue Plaid,XL,143.0,60,XL,20brownblackblueaid
M060,#21 Black/Grey/Blue Plaid,S,153.0,60,S,21blackgreyblueaid
M060,#21 Black/Grey/Blue Plaid,M,303.0,60,M,21blackgreyblueaid
M060,#21 Black/Grey/Blue Plaid,L,304.0,60,L,21blackgreyblueaid
M060,#21 Black/Grey/Blue Plaid,XL,151.0,60,XL,21blackgreyblueaid
M060,#39 Black Plaid,S,144.0,60,S,39blackaid
M060,#39 Black Plaid,M,288.0,60,M,39blackaid
M060,#39 Black Plaid,L,288.0,60,L,39blackaid
M060,#39 Black Plaid,XL,144.0,60,XL,39blackaid
M060,#4 Brown Cheetah,S,146.0,60,S,4browncheetah
M060,#4 Brown Cheetah,M,290.0,60,M,4browncheetah
M060,#4 Brown Cheetah,L,290.0,60,L,4browncheetah
M060,#4 Brown Cheetah,XL,146.0,60,XL,4browncheetah
M060,BLACK/GREY PLAID,S,112.0,60,S,blackgreyaid
M060,BLACK/GREY PLAID,M,224.0,60,M,blackgreyaid
M060,BLACK/GREY PLAID,L,224.0,60,L,blackgreyaid
M060,BLACK/GREY PLAID,XL,112.0,60,XL,blackgreyaid
M060,Blue Paisley,S,138.0,60,S,bluepaisley
M060,Blue Paisley,M,277.0,60,M,bluepaisley
M060,Blue Paisley,L,285.0,60,L,bluepaisley
M060,Blue Paisley,XL,133.0,60,XL,bluepaisley
M060,Grey Herringbone,S,144.0,60,S,greyherringbone
M060,Grey Herringbone,M,290.0,60,M,greyherringbone
M060,Grey Herringbone,L,290.0,60,L,greyherringbone
M060,Grey Herringbone,XL,144.0,60,XL,greyherringbone
M060,Ponte Solid-Black,S,242.0,60,S,pontesolidblack
M060,Ponte Solid-Black,M,483.0,60,M,pontesolidblack
M060,Ponte Solid-Black,L,483.0,60,L,pontesolidblack
M060,Ponte Solid-Black,XL,241.0,60,XL,pontesolidblack
M060,Ponte Solid-Heather Grey,S,199.0,60,S,pontesolidheathergrey
M060,Ponte Solid-Heather Grey,M,398.0,60,M,pontesolidheathergrey
M060,Ponte Solid-Heather Grey,L,398.0,60,L,pontesolidheathergrey
M060,Ponte Solid-Heather Grey,XL,199.0,60,XL,pontesolidheathergrey
M060,Red Paisley,S,139.0,60,S,redpaisley
M060,Red Paisley,M,280.0,60,M,redpaisley
M060,Red Paisley,L,274.0,60,L,redpaisley
M060,Red Paisley,XL,140.0,60,XL,redpaisley
M060,Royal/wine Plaid,S,138.0,60,S,royalwineaid
M060,Royal/wine Plaid,M,288.0,60,M,royalwineaid
M060,Royal/wine Plaid,L,282.0,60,L,royalwineaid
M060,Royal/wine Plaid,XL,140.0,60,XL,royalwineaid
M6015 PETITE,BLACK/ GREY HERRINGBONE,PS,49.0,6015,PS,blackgreyherringbone
M6015 PETITE,BLACK/ GREY HERRINGBONE,PM,117.0,6015,PM,blackgreyherringbone
M6015 PETITE,BLACK/ GREY HERRINGBONE,PL,118.0,6015,PL,blackgreyherringbone
M6015 PETITE,BLACK/ GREY HERRINGBONE,PXL,69.0,6015,PXL,blackgreyherringbone
M6015 PETITE,BLACK/ GREY PLAID,PS,79.0,6015,PS,blackgreyaid
M6015 PETITE,BLACK/ GREY PLAID,PM,198.0,6015,PM,blackgreyaid
M6015 PETITE,BLACK/ GREY PLAID,PL,194.0,6015,PL,blackgreyaid
M6015 PETITE,BLACK/ GREY PLAID,PXL,111.0,6015,PXL,blackgreyaid
M6015 PETITE,BLUE/ GREY/ BLACK PAISLEY,PS,76.0,6015,PS,bluegreyblackpaisley
M6015 PETITE,BLUE/ GREY/ BLACK PAISLEY,PM,162.0,6015,PM,bluegreyblackpaisley
M6015 PETITE,BLUE/ GREY/ BLACK PAISLEY,PL,156.0,6015,PL,bluegreyblackpaisley
M6015 PETITE,BLUE/ GREY/ BLACK PAISLEY,PXL,86.0,6015,PXL,bluegreyblackpaisley
M6015 PETITE,BROWN/ BLCK LEOPARD,PS,76.0,6015,PS,brownblckleopard
M6015 PETITE,BROWN/ BLCK LEOPARD,PM,154.0,6015,PM,brownblckleopard
M6015 PETITE,BROWN/ BLCK LEOPARD,PL,155.0,6015,PL,brownblckleopard
M6015 PETITE,BROWN/ BLCK LEOPARD,PXL,82.0,6015,PXL,brownblckleopard
M6015 PETITE,RED/TAUPE/ BLACK PLAID,PS,63.0,6015,PS,redtaupeblackaid
M6015 PETITE,RED/TAUPE/ BLACK PLAID,PM,145.0,6015,PM,redtaupeblackaid
M6015 PETITE,RED/TAUPE/ BLACK PLAID,PL,144.0,6015,PL,redtaupeblackaid
M6015 PETITE,RED/TAUPE/ BLACK PLAID,PXL,79.0,6015,PXL,redtaupeblackaid
ST27,BLACK,4L,16.0,27,4L,black
ST27,BLACK,6L,11.0,27,6L,black
ST27,BLACK,8L,3.0,27,8L,black
ST27,BLACK,10L,0.0,27,10L,black
ST27,BLACK,12L,7.0,27,12L,black
W2901,NAVY,6,50.0,2901,6,navy
W2901,NAVY,8,148.0,2901,8,navy
W2901,NAVY,10,88.0,2901,10,navy
W2901,NAVY,12,103.0,2901,12,navy
W2901,NAVY,14,2.0,2901,14,navy
W2901,STONE,6,68.0,2901,6,stone
W2901,STONE,8,162.0,2901,8,stone
W2901,STONE,10,126.0,2901,10,stone
W2901,STONE,12,143.0,2901,12,stone
W2901,STONE,14,50.0,2901,14,stone
80404,Bone,S,128.0,80404,S,bone
80404,Bone,M,309.0,80404,M,bone
80404,Bone,L,314.0,80404,L,bone
80404,Bone,XL,129.0,80404,XL,bone
80404,Tomato,S,134.0,80404,S,tomato
80404,Tomato,M,323.0,80404,M,tomato
80404,Tomato,L,325.0,80404,L,tomato
80404,Tomato,XL,136.0,80404,XL,tomato
80423W,Olive,1X,-33.0,80423,1X,olive
80423W,Olive,2X,-27.0,80423,2X,olive
80423W,Olive,3X,-24.0,80423,3X,olive
80423W,Gold,1X,-54.0,80423,1X,gold
80423W,Gold,2X,-43.0,80423,2X,gold
80423W,Gold,3X,-31.0,80423,3X,gold
5126,White Stripe,XS,-1.0,5126,XS,whitestripe
5126,White Stripe,S,0.0,5126,S,whitestripe
5126,White Stripe,M,-3.0,5126,M,whitestripe
5126,White Stripe,L,0.0,5126,L,whitestripe
5126,White Stripe,XL,-1.0,5126,XL,whitestripe
5126,White Stripe,XXL,-1.0,5126,XXL,whitestripe
53046,Dark Denim,S,-2.0,53046,S,darkdenim
53046,Dark Denim,M,-4.0,53046,M,darkdenim
53046,Dark Denim,L,-5.0,53046,L,darkdenim
53046,Dark Denim,XL,-9.0,53046,XL,darkdenim
53046,Medium,S,0.0,53046,S,medium
53046,Medium,M,-2.0,53046,M,medium
53046,Medium,L,-3.0,53046,L,medium
53046,Medium,XL,-2.0,53046,XL,medium
53046,Light Denim,S,-1.0,53046,S,lightdenim
53046,Light Denim,M,-1.0,53046,M,lightdenim
53046,Light Denim,L,-1.0,53046,L,lightdenim
53046,Light Denim,XL,-3.0,53046,XL,lightdenim
62300,White,S,0.0,62300,S,white
62300,White,M,0.0,62300,M,white
62300,White,L,0.0,62300,L,white
62300,White,XL,0.0,62300,XL,white
62300,Denim,S,-1.0,62300,S,denim
62300,Denim,M,-5.0,62300,M,denim
62300,Denim,L,-2.0,62300,L,denim
62300,Denim,XL,0.0,62300,XL,denim
62300,Khaki,S,-1.0,62300,S,khaki
62300,Khaki,M,-6.0,62300,M,khaki
62300,Khaki,L,-4.0,62300,L,khaki
62300,Khaki,XL,-4.0,62300,XL,khaki
62300,Navy,S,0.0,62300,S,navy
62300,Navy,M,-9.0,62300,M,navy
62300,Navy,L,-2.0,62300,L,navy
62300,Navy,XL,-1.0,62300,XL,navy
95393,Wine,S,-7.0,95393,S,wine
95393,Wine,M,-14.0,95393,M,wine
95393,Wine,L,-9.0,95393,L,wine
95393,Wine,XL,-13.0,95393,XL,wine
95547,Ink,S,0.0,95547,S,ink
95547,Ink,M,-1.0,95547,M,ink
95547,Ink,L,0.0,95547,L,ink
95547,Ink,XL,0.0,95547,XL,ink
95547,Chocolate,S,0.0,95547,S,chocolate
95547,Chocolate,M,-1.0,95547,M,chocolate
95547,Chocolate,L,0.0,95547,L,chocolate
95547,Chocolate,XL,0.0,95547,XL,chocolate
95547,Wine,S,0.0,95547,S,wine
95547,Wine,M,0.0,95547,M,wine
95547,Wine,L,0.0,95547,L,wine
95547,Wine,XL,0.0,95547,XL,wine
95547,Black,S,0.0,95547,S,black
95547,Black,M,0.0,95547,M,black
95547,Black,L,0.0,95547,L,black
95547,Black,XL,0.0,95547,XL,black
